sku,month,actual,pred_sarima_all,pred_sarima_same,pred_linear_all,pred_linear_same
7008,2022-01,2.0,1,,1.0,
7008,2022-02,1.0,1,,1.0,
7008,2022-03,0.0,1,,1.0,
7008,2022-04,2.0,1,,1.0,
7008,2022-05,0.0,1,,1.0,
7008,2022-06,1.0,1,,0.0,
7008,2022-07,0.0,1,,1.0,
7008,2022-08,0.0,1,,1.0,
7008,2022-09,1.0,1,1.0,1.0,1.0
7008,2022-10,1.0,1,0.0,2.0,0.0
7008,2022-11,1.0,1,,2.0,1.0
7008,2022-12,0.0,1,9.0,3.0,11.0
7008,2023-01,1.0,0,2.0,0.0,3.0
7008,2023-02,1.0,0,2.0,0.0,2.0
7008,2023-03,0.0,0,0.0,0.0,1.0
7008,2023-04,0.0,0,4.0,0.0,3.0
7008,2023-05,0.0,0,2.0,0.0,5.0
7008,2023-06,0.0,0,2.0,0.0,1.0
7008,2023-07,0.0,0,5.0,0.0,4.0
7008,2023-08,0.0,0,0.0,0.0,5.0
7008,2023-09,0.0,0,1.0,0.0,0.0
7008,2023-10,0.0,0,,0.0,1.0
7008,2023-11,0.0,0,1.0,1.0,0.0
7008,2023-12,0.0,0,0.0,1.0,18.0
7008,2024-01,0.0,0,2.0,0.0,3.0
7008,2024-02,0.0,0,2.0,0.0,1.0
7008,2024-03,0.0,0,1.0,0.0,4.0
7008,2024-04,0.0,0,3.0,0.0,7.0
7008,2024-05,0.0,0,,0.0,3.0
7008,2024-06,0.0,0,0.0,0.0,0.0
7008,2024-07,0.0,0,1.0,0.0,4.0
7008,2024-08,0.0,0,0.0,0.0,3.0
7008,2024-09,0.0,0,1.0,0.0,0.0
7008,2024-10,0.0,0,0.0,0.0,1.0
7008,2024-11,0.0,0,0.0,1.0,1.0
7008,2024-12,1.0,0,2.0,1.0,1.0
5937,2022-01,45.0,47,,14.0,101.0
5937,2022-02,45.0,47,69.0,21.0,116.0
5937,2022-03,59.0,47,48.0,21.0,36.0
5937,2022-04,70.0,47,69.0,28.0,102.0
5937,2022-05,70.0,47,91.0,28.0,107.0
5937,2022-06,48.0,47,72.0,34.0,109.0
5937,2022-07,45.0,47,,36.0,100.0
5937,2022-08,64.0,47,,37.0,66.0
5937,2022-09,56.0,47,54.0,46.0,80.0
5937,2022-10,49.0,47,,46.0,86.0
5937,2022-11,52.0,47,79.0,49.0,129.0
5937,2022-12,91.0,47,94.0,52.0,177.0
5937,2023-01,45.0,43,,5.0,44.0
5937,2023-02,40.0,43,,17.0,158.0
5937,2023-03,59.0,43,101.0,25.0,22.0
5937,2023-04,55.0,43,,30.0,64.0
5937,2023-05,46.0,43,,34.0,112.0
5937,2023-06,35.0,43,,39.0,101.0
5937,2023-07,44.0,43,45.0,37.0,0.0
5937,2023-08,79.0,43,56.0,34.0,59.0
5937,2023-09,45.0,43,61.0,36.0,101.0
5937,2023-10,46.0,43,63.0,38.0,107.0
5937,2023-11,35.0,43,84.0,44.0,47.0
5937,2023-12,34.0,43,91.0,50.0,91.0
5937,2024-01,39.0,0,49.0,1.0,46.0
5937,2024-02,14.0,0,44.0,10.0,52.0
5937,2024-03,38.0,0,73.0,17.0,195.0
5937,2024-04,49.0,0,66.0,22.0,61.0
5937,2024-05,42.0,0,70.0,28.0,130.0
5937,2024-06,3.0,0,46.0,31.0,163.0
5937,2024-07,35.0,0,52.0,28.0,50.0
5937,2024-08,52.0,0,97.0,25.0,80.0
5937,2024-09,26.0,0,51.0,28.0,58.0
5937,2024-10,73.0,0,59.0,29.0,61.0
5937,2024-11,154.0,0,57.0,34.0,32.0
5937,2024-12,78.0,0,47.0,41.0,46.0
5822,2022-01,46.0,53,37.0,98.0,37.0
5822,2022-02,37.0,53,41.0,93.0,40.0
5822,2022-03,52.0,53,139.0,102.0,202.0
5822,2022-04,61.0,53,10.0,83.0,0.0
5822,2022-05,33.0,53,0.0,89.0,0.0
5822,2022-06,11.0,53,18.0,99.0,6.0
5822,2022-07,5.0,53,73.0,115.0,1.0
5822,2022-08,19.0,53,72.0,123.0,0.0
5822,2022-09,30.0,53,44.0,125.0,0.0
5822,2022-10,52.0,53,57.0,125.0,42.0
5822,2022-11,33.0,53,,130.0,202.0
5822,2022-12,50.0,53,,123.0,0.0
5822,2023-01,32.0,28,,40.0,32.0
5822,2023-02,27.0,28,37.0,36.0,36.0
5822,2023-03,36.0,28,52.0,36.0,202.0
5822,2023-04,32.0,28,,36.0,0.0
5822,2023-05,49.0,28,,40.0,0.0
5822,2023-06,22.0,28,,47.0,52.0
5822,2023-07,20.0,28,0.0,54.0,0.0
5822,2023-08,39.0,28,29.0,63.0,91.0
5822,2023-09,37.0,28,31.0,70.0,94.0
5822,2023-10,53.0,28,59.0,71.0,54.0
5822,2023-11,31.0,28,76.0,69.0,62.0
5822,2023-12,39.0,28,46.0,67.0,95.0
5822,2024-01,26.0,27,33.0,36.0,44.0
5822,2024-02,28.0,27,25.0,32.0,15.0
5822,2024-03,24.0,27,42.0,33.0,84.0
5822,2024-04,33.0,27,35.0,31.0,0.0
5822,2024-05,33.0,27,36.0,38.0,9.0
5822,2024-06,30.0,27,19.0,42.0,21.0
5822,2024-07,27.0,27,24.0,47.0,143.0
5822,2024-08,35.0,27,40.0,57.0,85.0
5822,2024-09,46.0,27,35.0,62.0,50.0
5822,2024-10,70.0,27,52.0,64.0,59.0
5822,2024-11,62.0,27,40.0,61.0,148.0
5822,2024-12,67.0,27,34.0,59.0,38.0
6218,2022-01,49.0,36,2.0,66.0,41.0
6218,2022-02,53.0,36,61.0,67.0,126.0
6218,2022-03,68.0,36,,49.0,0.0
6218,2022-04,53.0,36,64.0,93.0,106.0
6218,2022-05,42.0,36,85.0,83.0,111.0
6218,2022-06,45.0,36,66.0,85.0,49.0
6218,2022-07,41.0,36,,99.0,134.0
6218,2022-08,59.0,36,,98.0,35.0
6218,2022-09,49.0,36,76.0,96.0,55.0
6218,2022-10,69.0,36,100.0,119.0,96.0
6218,2022-11,58.0,36,128.0,100.0,33.0
6218,2022-12,57.0,36,,114.0,84.0
6218,2023-01,37.0,19,42.0,23.0,97.0
6218,2023-02,38.0,19,24.0,27.0,126.0
6218,2023-03,44.0,19,62.0,29.0,162.0
6218,2023-04,49.0,19,,54.0,67.0
6218,2023-05,54.0,19,,56.0,77.0
6218,2023-06,29.0,19,49.0,54.0,49.0
6218,2023-07,58.0,19,119.0,71.0,194.0
6218,2023-08,42.0,19,74.0,63.0,111.0
6218,2023-09,23.0,19,69.0,60.0,147.0
6218,2023-10,36.0,19,78.0,75.0,97.0
6218,2023-11,74.0,19,26.0,75.0,60.0
6218,2023-12,57.0,19,84.0,77.0,147.0
6218,2024-01,35.0,18,39.0,17.0,30.0
6218,2024-02,29.0,18,45.0,21.0,38.0
6218,2024-03,49.0,18,63.0,24.0,85.0
6218,2024-04,59.0,18,57.0,44.0,60.0
6218,2024-05,38.0,18,57.0,43.0,94.0
6218,2024-06,56.0,18,30.0,42.0,43.0
6218,2024-07,30.0,18,88.0,53.0,61.0
6218,2024-08,84.0,18,61.0,50.0,68.0
6218,2024-09,67.0,18,65.0,48.0,61.0
6218,2024-10,109.0,18,30.0,63.0,101.0
6218,2024-11,138.0,18,72.0,59.0,90.0
6218,2024-12,86.0,18,77.0,63.0,79.0
6155,2022-01,16.0,18,,41.0,
6155,2022-02,14.0,18,18.0,39.0,10.0
6155,2022-03,24.0,18,38.0,36.0,59.0
6155,2022-04,8.0,18,2.0,20.0,20.0
6155,2022-05,10.0,18,13.0,19.0,84.0
6155,2022-06,5.0,18,12.0,21.0,8.0
6155,2022-07,26.0,18,16.0,15.0,21.0
6155,2022-08,27.0,18,30.0,24.0,15.0
6155,2022-09,4.0,18,24.0,36.0,44.0
6155,2022-10,4.0,18,15.0,36.0,0.0
6155,2022-11,4.0,18,14.0,46.0,16.0
6155,2022-12,36.0,18,56.0,52.0,42.0
6155,2023-01,10.0,16,30.0,18.0,46.0
6155,2023-02,1.0,16,,20.0,14.0
6155,2023-03,11.0,16,34.0,19.0,57.0
6155,2023-04,431.0,16,,8.0,19.0
6155,2023-05,9.0,16,17.0,8.0,40.0
6155,2023-06,6.0,16,7.0,9.0,14.0
6155,2023-07,18.0,16,26.0,3.0,0.0
6155,2023-08,2.0,16,,9.0,18.0
6155,2023-09,8.0,16,,19.0,44.0
6155,2023-10,8.0,16,,19.0,29.0
6155,2023-11,9.0,16,32.0,28.0,31.0
6155,2023-12,11.0,16,,34.0,42.0
6155,2024-01,2.0,16,27.0,9.0,34.0
6155,2024-02,2.0,16,0.0,15.0,0.0
6155,2024-03,28.0,16,18.0,8.0,30.0
6155,2024-04,183.0,16,429.0,0.0,862.0
6155,2024-05,20.0,16,15.0,7.0,16.0
6155,2024-06,1.0,16,6.0,0.0,4.0
6155,2024-07,0.0,16,17.0,0.0,26.0
6155,2024-08,0.0,16,19.0,0.0,12.0
6155,2024-09,0.0,16,11.0,0.0,12.0
6155,2024-10,0.0,16,9.0,11.0,8.0
6155,2024-11,0.0,16,14.0,21.0,40.0
6155,2024-12,0.0,16,27.0,34.0,43.0
6103,2022-01,5.0,0,,18.0,
6103,2022-02,6.0,0,,15.0,
6103,2022-03,5.0,0,,9.0,
6103,2022-04,11.0,0,,8.0,
6103,2022-05,0.0,0,,3.0,
6103,2022-06,0.0,0,,0.0,
6103,2022-07,0.0,0,,0.0,
6103,2022-08,0.0,0,,6.0,
6103,2022-09,2.0,0,,5.0,
6103,2022-10,6.0,0,,28.0,
6103,2022-11,6.0,0,,47.0,
6103,2022-12,3.0,0,,16.0,
6103,2023-01,1.0,0,,0.0,
6103,2023-02,6.0,0,,0.0,
6103,2023-03,2.0,0,,3.0,
6103,2023-04,1.0,0,,4.0,
6103,2023-05,6.0,0,,9.0,
6103,2023-06,6.0,0,,8.0,
6103,2023-07,1.0,0,,10.0,
5987,2022-01,0.0,0,0.0,0.0,0.0
5987,2022-02,0.0,0,0.0,0.0,0.0
5987,2022-03,0.0,0,0.0,0.0,0.0
5987,2022-04,0.0,0,0.0,0.0,0.0
5987,2022-05,0.0,0,0.0,0.0,0.0
5987,2022-06,0.0,0,0.0,0.0,0.0
5987,2022-07,0.0,0,,0.0,0.0
5987,2022-08,0.0,0,0.0,0.0,0.0
5987,2022-09,0.0,0,,0.0,0.0
5987,2022-10,0.0,0,0.0,0.0,0.0
5987,2022-11,0.0,0,0.0,0.0,0.0
5987,2022-12,0.0,0,0.0,0.0,0.0
5987,2023-01,0.0,0,0.0,0.0,0.0
5987,2023-02,0.0,0,0.0,0.0,0.0
5987,2023-03,0.0,0,0.0,0.0,0.0
5987,2023-04,0.0,0,0.0,0.0,0.0
5987,2023-05,0.0,0,0.0,0.0,0.0
5987,2023-06,0.0,0,0.0,0.0,0.0
5987,2023-07,0.0,0,,0.0,0.0
5987,2023-08,0.0,0,0.0,0.0,0.0
5987,2023-09,0.0,0,,0.0,0.0
5987,2023-10,0.0,0,0.0,0.0,0.0
5987,2023-11,0.0,0,0.0,0.0,0.0
5987,2023-12,0.0,0,0.0,0.0,0.0
5987,2024-01,0.0,0,0.0,0.0,0.0
5987,2024-02,0.0,0,0.0,0.0,0.0
5987,2024-03,0.0,0,0.0,0.0,0.0
5987,2024-04,0.0,0,0.0,0.0,0.0
5987,2024-05,0.0,0,0.0,0.0,0.0
5987,2024-06,0.0,0,0.0,0.0,0.0
5987,2024-07,0.0,0,,0.0,0.0
5987,2024-08,0.0,0,0.0,0.0,0.0
5987,2024-09,6.0,0,,0.0,0.0
5987,2024-10,4.0,0,0.0,0.0,0.0
5987,2024-11,6.0,0,0.0,0.0,0.0
5987,2024-12,9.0,0,0.0,0.0,0.0
5924,2022-01,8.0,24,,14.0,16.0
5924,2022-02,13.0,24,12.0,14.0,10.0
5924,2022-03,7.0,24,26.0,16.0,22.0
5924,2022-04,28.0,24,,13.0,21.0
5924,2022-05,15.0,24,20.0,12.0,8.0
5924,2022-06,7.0,24,,9.0,32.0
5924,2022-07,10.0,24,16.0,6.0,16.0
5924,2022-08,11.0,24,12.0,8.0,13.0
5924,2022-09,17.0,24,2.0,10.0,0.0
5924,2022-10,12.0,24,3.0,11.0,4.0
5924,2022-11,9.0,24,11.0,16.0,5.0
5924,2022-12,16.0,24,29.0,22.0,13.0
5924,2023-01,10.0,13,,10.0,21.0
5924,2023-02,8.0,13,,13.0,10.0
5924,2023-03,13.0,13,4.0,13.0,0.0
5924,2023-04,8.0,13,31.0,14.0,22.0
5924,2023-05,7.0,13,15.0,11.0,30.0
5924,2023-06,4.0,13,,8.0,42.0
5924,2023-07,1.0,13,17.0,8.0,0.0
5924,2023-08,0.0,13,16.0,7.0,5.0
5924,2023-09,1.0,13,15.0,9.0,0.0
5924,2023-10,7.0,13,,12.0,0.0
5924,2023-11,17.0,13,,15.0,10.0
5924,2023-12,11.0,13,16.0,19.0,14.0
5924,2024-01,4.0,8,,6.0,7.0
5924,2024-02,2.0,8,7.0,8.0,10.0
5924,2024-03,1.0,8,12.0,8.0,23.0
5924,2024-04,21.0,8,13.0,8.0,33.0
5924,2024-05,11.0,8,10.0,6.0,0.0
5924,2024-06,8.0,8,3.0,4.0,6.0
5924,2024-07,14.0,8,5.0,3.0,0.0
5924,2024-08,14.0,8,0.0,3.0,24.0
5924,2024-09,11.0,8,8.0,4.0,17.0
5924,2024-10,9.0,8,9.0,8.0,8.0
5924,2024-11,16.0,8,16.0,11.0,23.0
5924,2024-12,11.0,8,13.0,15.0,15.0
7064,2022-01,0.0,2,,0.0,
7064,2022-02,2.0,2,,1.0,
7064,2022-03,1.0,2,,0.0,
7064,2022-04,3.0,2,,2.0,
7064,2022-05,1.0,2,,1.0,
7064,2022-06,0.0,2,,2.0,
7064,2022-07,0.0,2,,3.0,
7064,2022-08,3.0,2,,4.0,
7064,2022-09,0.0,2,,5.0,
7064,2022-10,0.0,2,,5.0,
7064,2022-11,2.0,2,,5.0,
7064,2022-12,8.0,2,3.0,5.0,4.0
7064,2023-01,0.0,2,1.0,3.0,0.0
7064,2023-02,1.0,2,2.0,1.0,1.0
7064,2023-03,0.0,2,1.0,1.0,0.0
7064,2023-04,1.0,2,3.0,1.0,1.0
7064,2023-05,0.0,2,1.0,2.0,1.0
7064,2023-06,0.0,2,0.0,3.0,1.0
7064,2023-07,1.0,2,0.0,5.0,0.0
7064,2023-08,0.0,2,1.0,3.0,2.0
7064,2023-09,0.0,2,1.0,6.0,3.0
7064,2023-10,0.0,2,0.0,9.0,3.0
7064,2023-11,0.0,2,3.0,8.0,7.0
7064,2023-12,1.0,2,3.0,4.0,0.0
7064,2024-01,0.0,0,1.0,0.0,6.0
7064,2024-02,0.0,0,1.0,0.0,0.0
7064,2024-03,0.0,0,,0.0,0.0
7064,2024-04,0.0,0,2.0,0.0,1.0
7064,2024-05,1.0,0,,0.0,2.0
7064,2024-06,0.0,0,0.0,0.0,0.0
7064,2024-07,1.0,0,,0.0,3.0
7064,2024-08,0.0,0,,1.0,4.0
7064,2024-09,35.0,0,1.0,1.0,2.0
7064,2024-10,0.0,0,,3.0,3.0
7064,2024-11,3.0,0,0.0,4.0,0.0
7064,2024-12,12.0,0,0.0,4.0,3.0
683421,2022-01,0.0,1,,,
683421,2022-02,0.0,1,,,
683421,2022-03,0.0,1,,,
683421,2022-04,0.0,1,,,
683421,2022-05,0.0,1,,,
683421,2022-06,0.0,1,,,
683421,2022-07,0.0,1,,,
683421,2022-08,0.0,1,,,
683421,2022-09,0.0,1,,,
683421,2022-10,0.0,1,,,
683421,2022-11,0.0,1,,,
683421,2022-12,1.0,1,,,
683421,2023-01,0.0,0,,0.0,
683421,2023-02,0.0,0,,0.0,
683421,2023-03,0.0,0,,0.0,
683421,2023-04,0.0,0,,0.0,
683421,2023-05,0.0,0,,0.0,
683421,2023-06,0.0,0,,0.0,
683421,2023-07,4.0,0,,1.0,
683421,2023-08,1.0,0,,3.0,
683421,2023-09,0.0,0,,3.0,
683421,2023-10,0.0,0,,2.0,
683421,2023-11,1.0,0,,1.0,
683421,2023-12,0.0,0,,0.0,
683421,2024-01,1.0,0,,0.0,
683421,2024-02,0.0,0,,0.0,
683421,2024-03,0.0,0,,0.0,
683421,2024-04,0.0,0,,0.0,
683421,2024-05,0.0,0,,0.0,
683421,2024-06,2.0,0,,0.0,
683421,2024-07,1.0,0,,0.0,
683421,2024-08,6.0,0,2.0,1.0,2.0
683421,2024-09,0.0,0,5.0,1.0,5.0
683421,2024-10,2.0,0,3.0,0.0,5.0
683421,2024-11,8.0,0,0.0,0.0,0.0
683421,2024-12,3.0,0,0.0,0.0,0.0
6928,2022-01,0.0,0,,0.0,
6928,2022-02,0.0,0,,0.0,2.0
6928,2022-03,0.0,0,2.0,0.0,10.0
6928,2022-04,0.0,0,0.0,0.0,1.0
6928,2022-05,0.0,0,0.0,0.0,0.0
6928,2022-06,0.0,0,5.0,2.0,6.0
6928,2022-07,0.0,0,2.0,0.0,4.0
6928,2022-08,0.0,0,,1.0,0.0
6928,2022-09,0.0,0,2.0,2.0,5.0
6928,2022-10,0.0,0,2.0,0.0,4.0
6928,2022-11,0.0,0,0.0,0.0,0.0
6928,2022-12,0.0,0,2.0,0.0,0.0
6928,2023-01,0.0,0,0.0,0.0,0.0
6928,2023-02,0.0,0,0.0,0.0,2.0
6928,2023-03,0.0,0,0.0,0.0,8.0
6928,2023-04,0.0,0,,0.0,1.0
6928,2023-05,0.0,0,0.0,0.0,0.0
6928,2023-06,0.0,0,0.0,1.0,9.0
6928,2023-07,0.0,0,0.0,0.0,4.0
6928,2023-08,0.0,0,,1.0,7.0
6928,2023-09,0.0,0,0.0,1.0,3.0
6928,2023-10,0.0,0,0.0,0.0,2.0
6928,2023-11,0.0,0,0.0,0.0,0.0
6928,2023-12,0.0,0,,0.0,0.0
6928,2024-01,0.0,0,0.0,0.0,0.0
6928,2024-02,0.0,0,0.0,0.0,1.0
6928,2024-03,0.0,0,0.0,0.0,4.0
6928,2024-04,0.0,0,,0.0,0.0
6928,2024-05,0.0,0,0.0,0.0,0.0
6928,2024-06,0.0,0,0.0,1.0,3.0
6928,2024-07,0.0,0,0.0,0.0,2.0
6928,2024-08,0.0,0,0.0,0.0,2.0
6928,2024-09,0.0,0,0.0,1.0,1.0
6928,2024-10,2.0,0,0.0,0.0,1.0
6928,2024-11,1.0,0,0.0,0.0,0.0
6512,2022-01,17.0,19,,,
6512,2022-02,6.0,19,,,
6512,2022-03,14.0,19,,,
6512,2022-04,7.0,19,,,
6512,2022-05,7.0,19,,,
6512,2022-06,6.0,19,,,
6512,2022-07,15.0,19,,,
6512,2022-08,7.0,19,,,
6512,2022-09,14.0,19,,,
6512,2022-10,15.0,19,,,
6512,2022-11,13.0,19,,,
6512,2022-12,4.0,19,,,
6512,2023-01,13.0,4,,0.0,
6512,2023-02,10.0,4,,0.0,
6512,2023-03,16.0,4,,0.0,
6512,2023-04,12.0,4,,0.0,
6512,2023-05,16.0,4,,3.0,
6512,2023-06,8.0,4,,12.0,
6512,2023-07,3.0,4,,17.0,
6512,2023-08,0.0,4,,23.0,
6512,2023-09,0.0,4,,24.0,
6512,2023-10,2.0,4,,20.0,
6512,2023-11,1.0,4,,15.0,
6512,2023-12,3.0,4,,10.0,
6512,2024-01,0.0,0,,0.0,
6512,2024-02,0.0,0,,0.0,
6512,2024-03,0.0,0,,0.0,
6512,2024-04,0.0,0,,0.0,
6512,2024-05,0.0,0,,0.0,
6512,2024-06,1.0,0,,0.0,
6512,2024-07,12.0,0,,1.0,
6512,2024-08,8.0,0,,2.0,
6512,2024-09,6.0,0,12.0,1.0,0.0
6512,2024-10,8.0,0,,0.0,2.0
6512,2024-11,22.0,0,14.0,0.0,23.0
6512,2024-12,10.0,0,13.0,0.0,11.0
5829,2022-01,12.0,19,,0.0,
5829,2022-02,22.0,19,,26.0,
5829,2022-03,0.0,19,,14.0,
5829,2022-04,40.0,19,,0.0,
5829,2022-05,42.0,19,,0.0,
5829,2022-06,10.0,19,,10.0,
5829,2022-07,0.0,19,,15.0,
5829,2022-08,0.0,19,,0.0,
5829,2022-09,0.0,19,,4.0,
5829,2022-10,0.0,19,,0.0,
5829,2022-11,13.0,19,,0.0,
5829,2022-12,27.0,19,,0.0,
5829,2023-01,4.0,3,,23.0,
5829,2023-02,2.0,3,,33.0,
5829,2023-03,5.0,3,,44.0,
5829,2023-04,9.0,3,,50.0,
5829,2023-05,9.0,3,,42.0,
5829,2023-06,10.0,3,,35.0,
5829,2023-07,10.0,3,,34.0,
5829,2023-08,13.0,3,,19.0,
5829,2023-09,13.0,3,,9.0,
5829,2023-10,10.0,3,,20.0,
5829,2023-11,19.0,3,36.0,22.0,47.0
5829,2023-12,10.0,3,29.0,30.0,18.0
5829,2024-01,6.0,2,4.0,9.0,14.0
5829,2024-02,4.0,2,21.0,15.0,20.0
5829,2024-03,4.0,2,7.0,19.0,18.0
5829,2024-04,4.0,2,25.0,24.0,5.0
5829,2024-05,11.0,2,25.0,23.0,3.0
5829,2024-06,6.0,2,14.0,20.0,32.0
5829,2024-07,6.0,2,10.0,19.0,8.0
5829,2024-08,3.0,2,17.0,15.0,62.0
5829,2024-09,15.0,2,18.0,12.0,48.0
5829,2024-10,11.0,2,6.0,16.0,7.0
5829,2024-11,10.0,2,,17.0,55.0
5829,2024-12,9.0,2,,23.0,28.0
5827,2022-01,0.0,0,0.0,0.0,9.0
5827,2022-02,0.0,0,41.0,0.0,94.0
5827,2022-03,0.0,0,0.0,0.0,17.0
5827,2022-04,0.0,0,0.0,0.0,40.0
5827,2022-05,0.0,0,20.0,0.0,18.0
5827,2022-06,0.0,0,15.0,0.0,38.0
5827,2022-07,0.0,0,0.0,0.0,70.0
5827,2022-08,0.0,0,,0.0,63.0
5827,2022-09,0.0,0,0.0,0.0,34.0
5827,2022-10,40.0,0,8.0,4.0,82.0
5827,2022-11,0.0,0,,8.0,79.0
5827,2022-12,0.0,0,,12.0,156.0
5827,2023-01,30.0,0,,0.0,30.0
5914,2022-01,14.0,6,24.0,4.0,36.0
5914,2022-02,9.0,6,3.0,10.0,5.0
5914,2022-03,8.0,6,,7.0,5.0
5914,2022-04,5.0,6,24.0,12.0,7.0
5914,2022-05,2.0,6,48.0,8.0,72.0
5914,2022-06,6.0,6,,12.0,32.0
5914,2022-07,8.0,6,12.0,16.0,1.0
5914,2022-08,11.0,6,17.0,13.0,0.0
5914,2022-09,7.0,6,,11.0,46.0
5914,2022-10,3.0,6,21.0,15.0,52.0
5914,2022-11,15.0,6,14.0,13.0,1.0
5914,2022-12,1.0,6,4.0,16.0,0.0
5914,2023-01,1.0,5,15.0,14.0,0.0
5914,2023-02,1.0,5,9.0,15.0,4.0
5914,2023-03,6.0,5,14.0,16.0,27.0
5914,2023-04,2.0,5,18.0,22.0,0.0
5914,2023-05,4.0,5,,23.0,72.0
5914,2023-06,2.0,5,6.0,21.0,0.0
5914,2023-07,6.0,5,,24.0,5.0
5914,2023-08,5.0,5,,21.0,6.0
5914,2023-09,3.0,5,,20.0,23.0
5914,2023-10,8.0,5,3.0,24.0,52.0
5914,2023-11,11.0,5,15.0,19.0,11.0
5914,2023-12,4.0,5,6.0,22.0,64.0
5914,2024-01,5.0,5,0.0,6.0,19.0
5914,2024-02,4.0,5,4.0,7.0,7.0
5914,2024-03,5.0,5,6.0,7.0,29.0
5914,2024-04,13.0,5,7.0,11.0,48.0
5914,2024-05,16.0,5,10.0,11.0,72.0
5914,2024-06,6.0,5,4.0,11.0,27.0
5914,2024-07,9.0,5,7.0,13.0,11.0
5914,2024-08,4.0,5,5.0,11.0,8.0
5914,2024-09,7.0,5,5.0,10.0,7.0
5914,2024-10,9.0,5,9.0,11.0,12.0
5914,2024-11,37.0,5,12.0,9.0,13.0
5914,2024-12,12.0,5,6.0,9.0,11.0
6138,2022-01,6.0,6,,9.0,
6138,2022-02,3.0,6,7.0,9.0,0.0
6138,2022-03,2.0,6,,8.0,4.0
6138,2022-04,7.0,6,7.0,11.0,6.0
6138,2022-05,4.0,6,32.0,2.0,21.0
6138,2022-06,4.0,6,7.0,13.0,2.0
6138,2022-07,3.0,6,10.0,13.0,0.0
6138,2022-08,6.0,6,,13.0,17.0
6138,2022-09,2.0,6,12.0,18.0,54.0
6138,2022-10,8.0,6,22.0,13.0,18.0
6138,2022-11,3.0,6,9.0,16.0,0.0
6138,2022-12,8.0,6,21.0,16.0,41.0
6138,2023-01,5.0,4,8.0,8.0,7.0
6138,2023-02,7.0,4,,9.0,13.0
6138,2023-03,5.0,4,2.0,10.0,20.0
6138,2023-04,9.0,4,,10.0,10.0
6138,2023-05,9.0,4,18.0,11.0,56.0
6138,2023-06,1.0,4,,12.0,9.0
6138,2023-07,4.0,4,0.0,13.0,17.0
6138,2023-08,6.0,4,,13.0,26.0
6138,2023-09,12.0,4,8.0,14.0,54.0
6138,2023-10,7.0,4,,12.0,32.0
6138,2023-11,6.0,4,,13.0,24.0
6138,2023-12,4.0,4,,11.0,46.0
6138,2024-01,5.0,5,5.0,6.0,8.0
6138,2024-02,4.0,5,7.0,5.0,12.0
6138,2024-03,4.0,5,,6.0,10.0
6138,2024-04,1.0,5,7.0,7.0,7.0
6138,2024-05,2.0,5,9.0,7.0,40.0
6138,2024-06,4.0,5,5.0,9.0,10.0
6138,2024-07,1.0,5,7.0,10.0,14.0
6138,2024-08,6.0,5,7.0,9.0,15.0
6138,2024-09,6.0,5,9.0,8.0,11.0
6138,2024-10,0.0,5,13.0,9.0,10.0
6138,2024-11,8.0,5,7.0,9.0,10.0
6138,2024-12,7.0,5,7.0,9.0,10.0
6751,2022-01,2.0,11,2.0,6.0,0.0
6751,2022-02,1.0,11,7.0,8.0,4.0
6751,2022-03,0.0,11,7.0,8.0,0.0
6751,2022-04,6.0,11,20.0,8.0,24.0
6751,2022-05,7.0,11,29.0,6.0,40.0
6751,2022-06,8.0,11,9.0,9.0,0.0
6751,2022-07,6.0,11,1.0,12.0,2.0
6751,2022-08,7.0,11,14.0,13.0,5.0
6751,2022-09,5.0,11,14.0,13.0,0.0
6751,2022-10,7.0,11,,18.0,0.0
6751,2022-11,12.0,11,,18.0,16.0
6751,2022-12,6.0,11,,17.0,46.0
6751,2023-01,3.0,2,2.0,3.0,7.0
6751,2023-02,2.0,2,1.0,4.0,0.0
6751,2023-03,1.0,2,,5.0,1.0
6751,2023-04,6.0,2,6.0,7.0,26.0
6751,2023-05,2.0,2,7.0,7.0,40.0
6751,2023-06,0.0,2,,7.0,18.0
6751,2023-07,1.0,2,7.0,10.0,0.0
6751,2023-08,1.0,2,5.0,10.0,0.0
6751,2023-09,3.0,2,11.0,11.0,3.0
6751,2023-10,6.0,2,8.0,14.0,22.0
6751,2023-11,4.0,2,13.0,15.0,15.0
6751,2023-12,8.0,2,4.0,16.0,6.0
6751,2024-01,10.0,0,4.0,0.0,6.0
6751,2024-02,3.0,0,2.0,0.0,6.0
6751,2024-03,6.0,0,2.0,1.0,10.0
6751,2024-04,4.0,0,6.0,3.0,8.0
6751,2024-05,4.0,0,5.0,3.0,13.0
6751,2024-06,11.0,0,2.0,4.0,1.0
6751,2024-07,4.0,0,1.0,6.0,1.0
6751,2024-08,5.0,0,0.0,6.0,2.0
6751,2024-09,15.0,0,5.0,6.0,19.0
6751,2024-10,0.0,0,8.0,9.0,12.0
6751,2024-11,4.0,0,,10.0,7.0
6751,2024-12,7.0,0,11.0,11.0,31.0
6948,2022-01,2.0,7,1.0,5.0,4.0
6948,2022-02,0.0,7,4.0,6.0,5.0
6948,2022-03,4.0,7,,5.0,5.0
6948,2022-04,0.0,7,3.0,4.0,4.0
6948,2022-05,1.0,7,5.0,5.0,2.0
6948,2022-06,0.0,7,0.0,5.0,0.0
6948,2022-07,0.0,7,3.0,5.0,4.0
6948,2022-08,0.0,7,5.0,6.0,0.0
6948,2022-09,1.0,7,6.0,7.0,12.0
6948,2022-10,5.0,7,6.0,7.0,0.0
6948,2022-11,4.0,7,10.0,7.0,24.0
6948,2022-12,3.0,7,13.0,7.0,22.0
6948,2023-01,0.0,2,,1.0,0.0
6948,2023-02,2.0,2,1.0,1.0,0.0
6948,2023-03,3.0,2,4.0,1.0,2.0
6948,2023-04,0.0,2,9.0,1.0,7.0
6948,2023-05,2.0,2,2.0,1.0,2.0
6948,2023-06,1.0,2,4.0,2.0,0.0
6948,2023-07,1.0,2,0.0,2.0,0.0
6948,2023-08,0.0,2,,3.0,23.0
6948,2023-09,1.0,2,1.0,4.0,1.0
6948,2023-10,0.0,2,,3.0,8.0
6948,2023-11,1.0,2,2.0,4.0,7.0
6948,2023-12,1.0,2,10.0,4.0,8.0
6948,2024-01,2.0,0,4.0,0.0,11.0
6948,2024-02,5.0,0,2.0,0.0,1.0
6948,2024-03,1.0,0,2.0,0.0,3.0
6948,2024-04,1.0,0,6.0,0.0,13.0
6948,2024-05,0.0,0,1.0,0.0,1.0
6948,2024-06,0.0,0,2.0,0.0,9.0
6948,2024-07,1.0,0,1.0,0.0,2.0
6948,2024-08,2.0,0,3.0,1.0,4.0
6948,2024-09,2.0,0,1.0,1.0,2.0
6948,2024-10,0.0,0,6.0,1.0,6.0
6948,2024-11,0.0,0,2.0,2.0,4.0
6948,2024-12,0.0,0,4.0,2.0,15.0
5824,2022-01,0.0,0,,0.0,
5824,2022-02,0.0,0,,0.0,
5824,2022-03,0.0,0,,0.0,
5824,2022-04,0.0,0,,0.0,
5824,2022-05,0.0,0,,0.0,
5824,2022-06,0.0,0,,0.0,
5824,2022-07,0.0,0,,0.0,
5824,2022-08,0.0,0,,0.0,
5824,2022-09,0.0,0,,0.0,
5824,2022-10,0.0,0,,0.0,
5824,2022-11,0.0,0,0.0,0.0,0.0
5824,2022-12,0.0,0,0.0,0.0,0.0
5824,2023-01,0.0,0,0.0,0.0,0.0
5824,2023-02,0.0,0,0.0,0.0,0.0
5824,2023-03,0.0,0,0.0,0.0,0.0
5824,2023-04,0.0,0,0.0,0.0,0.0
5824,2023-05,0.0,0,0.0,0.0,0.0
5824,2023-06,0.0,0,0.0,0.0,0.0
5824,2023-07,0.0,0,0.0,0.0,0.0
5824,2023-08,0.0,0,,0.0,0.0
5824,2023-09,0.0,0,,0.0,0.0
5824,2023-10,0.0,0,,0.0,0.0
5824,2023-11,0.0,0,0.0,0.0,0.0
5824,2023-12,0.0,0,0.0,0.0,0.0
5824,2024-01,0.0,0,0.0,0.0,0.0
5824,2024-02,0.0,0,0.0,0.0,0.0
5824,2024-03,0.0,0,0.0,0.0,0.0
5824,2024-04,0.0,0,0.0,0.0,0.0
5824,2024-05,0.0,0,0.0,0.0,0.0
5824,2024-06,0.0,0,0.0,0.0,0.0
5824,2024-07,0.0,0,0.0,0.0,0.0
5824,2024-08,0.0,0,,0.0,0.0
5824,2024-09,0.0,0,,0.0,0.0
5824,2024-10,13.0,0,,0.0,0.0
5824,2024-11,26.0,0,0.0,0.0,0.0
5824,2024-12,18.0,0,0.0,0.0,0.0
6859,2022-01,30.0,25,42.0,45.0,124.0
6859,2022-02,11.0,25,0.0,55.0,0.0
6859,2022-03,57.0,25,0.0,65.0,0.0
6859,2022-04,23.0,25,54.0,71.0,38.0
6859,2022-05,52.0,25,62.0,70.0,105.0
6859,2022-06,4.0,25,,68.0,98.0
6859,2022-07,9.0,25,,57.0,189.0
6859,2022-08,71.0,25,,49.0,45.0
6859,2022-09,30.0,25,,50.0,0.0
6859,2022-10,19.0,25,,55.0,59.0
6859,2022-11,15.0,25,134.0,65.0,80.0
6859,2022-12,6.0,25,112.0,87.0,22.0
6859,2023-01,19.0,0,,0.0,30.0
6859,2023-02,19.0,0,5.0,8.0,40.0
6859,2023-03,22.0,0,91.0,17.0,150.0
6859,2023-04,11.0,0,,19.0,37.0
6859,2023-05,10.0,0,,22.0,76.0
6859,2023-06,21.0,0,38.0,19.0,150.0
6859,2023-07,0.0,0,,15.0,0.0
6859,2023-08,7.0,0,71.0,16.0,33.0
6859,2023-09,13.0,0,42.0,15.0,28.0
6859,2023-10,7.0,0,7.0,17.0,37.0
6859,2023-11,25.0,0,51.0,24.0,54.0
6859,2023-12,43.0,0,,33.0,124.0
6859,2024-01,7.0,0,17.0,0.0,30.0
6859,2024-02,5.0,0,20.0,10.0,29.0
6859,2024-03,0.0,0,44.0,17.0,60.0
6859,2024-04,10.0,0,18.0,17.0,28.0
6859,2024-05,3.0,0,7.0,18.0,64.0
6859,2024-06,5.0,0,33.0,18.0,162.0
6859,2024-07,3.0,0,,12.0,16.0
6859,2024-08,20.0,0,60.0,12.0,82.0
6859,2024-09,25.0,0,31.0,14.0,22.0
6859,2024-10,108.0,0,17.0,15.0,24.0
6859,2024-11,48.0,0,27.0,24.0,33.0
6859,2024-12,2.0,0,41.0,35.0,88.0
6084,2022-01,22.0,20,7.0,31.0,17.0
6084,2022-02,16.0,20,14.0,22.0,14.0
6084,2022-03,10.0,20,2.0,16.0,0.0
6084,2022-04,20.0,20,16.0,32.0,21.0
6084,2022-05,9.0,20,8.0,32.0,32.0
6084,2022-06,12.0,20,21.0,27.0,19.0
6084,2022-07,30.0,20,23.0,41.0,44.0
6084,2022-08,8.0,20,13.0,39.0,102.0
6084,2022-09,5.0,20,21.0,31.0,54.0
6084,2022-10,1.0,20,14.0,38.0,84.0
6084,2022-11,9.0,20,26.0,25.0,0.0
6084,2022-12,16.0,20,,15.0,0.0
6084,2023-01,17.0,14,14.0,15.0,29.0
6084,2023-02,4.0,14,19.0,10.0,11.0
6084,2023-03,5.0,14,10.0,7.0,0.0
6084,2023-04,12.0,14,26.0,19.0,17.0
6084,2023-05,14.0,14,8.0,18.0,32.0
6084,2023-06,15.0,14,14.0,15.0,7.0
6084,2023-07,7.0,14,42.0,26.0,35.0
6084,2023-08,9.0,14,,24.0,92.0
6084,2023-09,5.0,14,,18.0,49.0
6084,2023-10,11.0,14,,27.0,75.0
6084,2023-11,6.0,14,11.0,19.0,32.0
6084,2023-12,12.0,14,14.0,11.0,2.0
6084,2024-01,5.0,12,14.0,10.0,11.0
6084,2024-02,6.0,12,5.0,6.0,18.0
6084,2024-03,8.0,12,9.0,3.0,17.0
6084,2024-04,13.0,12,11.0,13.0,16.0
6084,2024-05,9.0,12,10.0,11.0,9.0
6084,2024-06,8.0,12,13.0,9.0,14.0
6084,2024-07,10.0,12,23.0,19.0,28.0
6084,2024-08,8.0,12,12.0,15.0,17.0
6084,2024-09,12.0,12,7.0,11.0,10.0
6084,2024-10,15.0,12,12.0,18.0,23.0
6084,2024-11,8.0,12,9.0,12.0,26.0
6084,2024-12,31.0,12,15.0,7.0,25.0
7024,2022-01,1.0,0,,6.0,
7024,2022-02,3.0,0,2.0,7.0,3.0
7024,2022-03,0.0,0,7.0,7.0,0.0
7024,2022-04,1.0,0,4.0,7.0,0.0
7024,2022-05,3.0,0,4.0,7.0,3.0
7024,2022-06,4.0,0,5.0,6.0,4.0
7024,2022-07,2.0,0,,5.0,10.0
7024,2022-08,0.0,0,0.0,4.0,0.0
7024,2022-09,2.0,0,2.0,4.0,2.0
7024,2022-10,3.0,0,1.0,4.0,0.0
7024,2022-11,1.0,0,2.0,5.0,5.0
7024,2022-12,1.0,0,1.0,6.0,5.0
7024,2023-01,1.0,1,1.0,2.0,2.0
7024,2023-02,1.0,1,2.0,2.0,4.0
7024,2023-03,0.0,1,4.0,3.0,0.0
7024,2023-04,1.0,1,7.0,3.0,0.0
7024,2023-05,0.0,1,,3.0,5.0
7024,2023-06,2.0,1,4.0,2.0,1.0
7024,2023-07,0.0,1,2.0,2.0,1.0
7024,2023-08,0.0,1,0.0,2.0,0.0
7024,2023-09,1.0,1,2.0,1.0,1.0
7024,2023-10,1.0,1,3.0,1.0,0.0
7024,2023-11,1.0,1,,2.0,2.0
7024,2023-12,0.0,1,,2.0,2.0
7024,2024-01,0.0,0,,0.0,1.0
7024,2024-02,1.0,0,2.0,1.0,2.0
7024,2024-03,0.0,0,1.0,1.0,12.0
7024,2024-04,2.0,0,2.0,2.0,16.0
7024,2024-05,3.0,0,0.0,1.0,0.0
7024,2024-06,3.0,0,3.0,1.0,6.0
7024,2024-07,0.0,0,1.0,1.0,3.0
7024,2024-08,0.0,0,1.0,0.0,2.0
7024,2024-09,0.0,0,2.0,0.0,2.0
7024,2024-10,2.0,0,1.0,0.0,0.0
7402,2022-01,18.0,26,,31.0,31.0
7402,2022-02,16.0,26,19.0,33.0,19.0
7402,2022-03,19.0,26,26.0,37.0,24.0
7402,2022-04,28.0,26,18.0,28.0,16.0
7402,2022-05,23.0,26,,31.0,71.0
7402,2022-06,16.0,26,21.0,33.0,25.0
7402,2022-07,11.0,26,41.0,29.0,71.0
7402,2022-08,20.0,26,34.0,27.0,10.0
7402,2022-09,17.0,26,36.0,32.0,12.0
7402,2022-10,29.0,26,16.0,24.0,14.0
7402,2022-11,16.0,26,35.0,29.0,0.0
7402,2022-12,19.0,26,25.0,30.0,51.0
7402,2023-01,20.0,18,18.0,24.0,22.0
7402,2023-02,17.0,18,,26.0,19.0
7402,2023-03,21.0,18,,27.0,20.0
7402,2023-04,10.0,18,,25.0,0.0
7402,2023-05,20.0,18,,26.0,0.0
7402,2023-06,11.0,18,,26.0,30.0
7402,2023-07,16.0,18,11.0,22.0,12.0
7402,2023-08,14.0,18,22.0,23.0,56.0
7402,2023-09,11.0,18,23.0,23.0,0.0
7402,2023-10,11.0,18,25.0,20.0,58.0
7402,2023-11,17.0,18,21.0,21.0,3.0
7402,2023-12,18.0,18,17.0,23.0,10.0
7402,2024-01,14.0,14,20.0,17.0,19.0
7402,2024-02,10.0,14,19.0,18.0,20.0
7402,2024-03,11.0,14,24.0,20.0,28.0
7402,2024-04,14.0,14,23.0,16.0,38.0
7402,2024-05,2.0,14,,18.0,23.0
7402,2024-06,13.0,14,15.0,17.0,15.0
7402,2024-07,5.0,14,18.0,15.0,57.0
7402,2024-08,3.0,14,19.0,15.0,22.0
7402,2024-09,12.0,14,14.0,16.0,46.0
7402,2024-10,24.0,14,24.0,13.0,19.0
7402,2024-11,24.0,14,20.0,15.0,26.0
7402,2024-12,23.0,14,18.0,17.0,18.0
7427,2022-01,4.0,4,8.0,6.0,2.0
7427,2022-02,2.0,4,9.0,5.0,3.0
7427,2022-03,3.0,4,15.0,6.0,28.0
7427,2022-04,1.0,4,0.0,5.0,0.0
7427,2022-05,3.0,4,4.0,5.0,0.0
7427,2022-06,3.0,4,2.0,3.0,0.0
7427,2022-07,5.0,4,1.0,4.0,4.0
7427,2022-08,6.0,4,3.0,4.0,4.0
7427,2022-09,2.0,4,1.0,4.0,12.0
7427,2022-10,7.0,4,4.0,6.0,0.0
7427,2022-11,5.0,4,2.0,5.0,2.0
7427,2022-12,1.0,4,5.0,5.0,4.0
7427,2023-01,8.0,2,,6.0,0.0
7427,2023-02,1.0,2,3.0,5.0,0.0
7427,2023-03,3.0,2,3.0,5.0,28.0
7427,2023-04,2.0,2,1.0,5.0,16.0
7427,2023-05,1.0,2,3.0,5.0,22.0
7427,2023-06,2.0,2,3.0,5.0,2.0
7427,2023-07,3.0,2,,6.0,0.0
7427,2023-08,3.0,2,6.0,6.0,3.0
7427,2023-09,3.0,2,,5.0,0.0
7427,2023-10,1.0,2,7.0,7.0,0.0
7427,2023-11,5.0,2,4.0,6.0,0.0
7427,2023-12,2.0,2,3.0,5.0,10.0
7427,2024-01,1.0,3,7.0,5.0,4.0
7427,2024-02,3.0,3,2.0,3.0,6.0
7427,2024-03,2.0,3,4.0,3.0,9.0
7427,2024-04,1.0,3,3.0,3.0,7.0
7427,2024-05,2.0,3,3.0,3.0,11.0
7427,2024-06,0.0,3,2.0,3.0,2.0
7427,2024-07,1.0,3,3.0,4.0,1.0
7427,2024-08,4.0,3,5.0,4.0,4.0
7427,2024-09,0.0,3,2.0,4.0,3.0
7427,2024-10,4.0,3,4.0,5.0,7.0
7427,2024-11,4.0,3,5.0,5.0,1.0
7427,2024-12,4.0,3,2.0,3.0,5.0
6509,2022-01,14.0,0,,,
6509,2022-02,8.0,0,,,
6509,2022-03,13.0,0,,,
6509,2022-04,6.0,0,,,
6509,2022-05,12.0,0,,,
6509,2022-06,8.0,0,,,
6509,2022-07,8.0,0,,,
6509,2022-08,7.0,0,,,
6509,2022-09,11.0,0,,,
6509,2022-10,7.0,0,,,
6509,2022-11,9.0,0,,,
6509,2022-12,16.0,0,,,
6509,2023-01,10.0,3,,27.0,
6509,2023-02,7.0,3,,27.0,
6509,2023-03,9.0,3,,28.0,
6509,2023-04,8.0,3,,23.0,
6509,2023-05,11.0,3,,24.0,
6509,2023-06,7.0,3,,22.0,
6509,2023-07,7.0,3,,18.0,
6509,2023-08,6.0,3,,17.0,
6509,2023-09,10.0,3,,18.0,
6509,2023-10,5.0,3,,14.0,
6509,2023-11,11.0,3,,16.0,
6509,2023-12,9.0,3,,18.0,
6509,2024-01,8.0,1,,8.0,
6509,2024-02,1.0,1,,9.0,
6509,2024-03,2.0,1,,10.0,
6509,2024-04,7.0,1,,8.0,
6509,2024-05,0.0,1,,8.0,
6509,2024-06,5.0,1,,8.0,
6509,2024-07,7.0,1,,6.0,
6509,2024-08,13.0,1,,7.0,
6509,2024-09,9.0,1,20.0,8.0,11.0
6509,2024-10,3.0,1,13.0,7.0,8.0
6509,2024-11,10.0,1,13.0,8.0,8.0
6509,2024-12,2.0,1,16.0,9.0,11.0
609607,2022-01,12.0,17,,,
609607,2022-02,7.0,17,,,
609607,2022-03,13.0,17,,,
609607,2022-04,21.0,17,,,
609607,2022-05,14.0,17,,,
609607,2022-06,11.0,17,,,
609607,2022-07,0.0,17,,,
609607,2022-08,1.0,17,,,
609607,2022-09,0.0,17,,,
609607,2022-10,0.0,17,,,
609607,2022-11,1.0,17,,,
609607,2022-12,2.0,17,,,
609607,2023-01,6.0,0,,0.0,
609607,2023-02,16.0,0,,0.0,
609607,2023-03,11.0,0,,6.0,
609607,2023-04,1.0,0,,16.0,
609607,2023-05,34.0,0,,15.0,
609607,2023-06,6.0,0,,10.0,
609607,2023-07,21.0,0,,5.0,
609607,2023-08,14.0,0,,0.0,
609607,2023-09,10.0,0,,0.0,
609607,2023-10,10.0,0,,0.0,
609607,2023-11,10.0,0,,0.0,
609607,2023-12,7.0,0,,0.0,
609607,2024-01,5.0,7,,10.0,
609607,2024-02,4.0,7,,13.0,
609607,2024-03,10.0,7,,13.0,
609607,2024-04,7.0,7,,16.0,
609607,2024-05,9.0,7,,18.0,
609607,2024-06,2.0,7,,12.0,
609607,2024-07,3.0,7,,14.0,
609607,2024-08,10.0,7,,10.0,
609607,2024-09,10.0,7,,7.0,
609607,2024-10,11.0,7,12.0,11.0,27.0
609607,2024-11,12.0,7,19.0,11.0,22.0
609607,2024-12,11.0,7,8.0,12.0,19.0
6574,2022-01,15.0,40,109.0,10.0,264.0
6574,2022-02,12.0,40,17.0,4.0,23.0
6574,2022-03,25.0,40,0.0,0.0,0.0
6574,2022-04,10.0,40,0.0,0.0,5.0
6574,2022-05,13.0,40,6.0,0.0,63.0
6574,2022-06,2.0,40,0.0,0.0,20.0
6574,2022-07,18.0,40,26.0,0.0,15.0
6574,2022-08,28.0,40,8.0,0.0,31.0
6574,2022-09,5.0,40,4.0,0.0,3.0
6574,2022-10,26.0,40,14.0,7.0,15.0
6574,2022-11,16.0,40,,17.0,0.0
6574,2022-12,43.0,40,,23.0,32.0
6574,2023-01,16.0,34,39.0,26.0,264.0
6574,2023-02,2.0,34,,23.0,20.0
6574,2023-03,8.0,34,,19.0,0.0
6574,2023-04,3.0,34,15.0,9.0,32.0
6574,2023-05,5.0,34,15.0,6.0,25.0
6574,2023-06,8.0,34,2.0,6.0,15.0
6574,2023-07,14.0,34,9.0,8.0,13.0
6574,2023-08,4.0,34,28.0,17.0,0.0
6574,2023-09,7.0,34,5.0,24.0,14.0
6574,2023-10,9.0,34,,32.0,28.0
6574,2023-11,7.0,34,23.0,39.0,21.0
6574,2023-12,13.0,34,59.0,45.0,77.0
6574,2024-01,20.0,22,35.0,7.0,38.0
6574,2024-02,0.0,22,16.0,4.0,14.0
6574,2024-03,0.0,22,15.0,1.0,23.0
6574,2024-04,31.0,22,4.0,0.0,2.0
6574,2024-05,24.0,22,3.0,0.0,5.0
6574,2024-06,0.0,22,8.0,0.0,3.0
6574,2024-07,2.0,22,15.0,0.0,6.0
6574,2024-08,0.0,22,21.0,0.0,29.0
6574,2024-09,6.0,22,5.0,7.0,5.0
6574,2024-10,2.0,22,13.0,12.0,0.0
6574,2024-11,12.0,22,17.0,18.0,27.0
6574,2024-12,24.0,22,1.0,22.0,26.0
6230,2022-01,0.0,0,1.0,0.0,0.0
6230,2022-02,0.0,0,2.0,0.0,0.0
6230,2022-03,0.0,0,1.0,1.0,4.0
6230,2022-04,0.0,0,4.0,3.0,1.0
6230,2022-05,0.0,0,2.0,4.0,0.0
6230,2022-06,0.0,0,5.0,4.0,22.0
6230,2022-07,0.0,0,16.0,4.0,42.0
6230,2022-08,0.0,0,12.0,3.0,0.0
6230,2022-09,0.0,0,,1.0,0.0
6230,2022-10,0.0,0,1.0,0.0,2.0
6230,2022-11,0.0,0,0.0,0.0,0.0
6230,2022-12,0.0,0,0.0,0.0,7.0
6230,2023-01,0.0,0,,0.0,8.0
6230,2023-02,0.0,0,,0.0,10.0
6230,2023-03,0.0,0,,0.0,2.0
6230,2023-04,0.0,0,,1.0,0.0
6230,2023-05,0.0,0,,2.0,7.0
6230,2023-06,0.0,0,,2.0,0.0
6230,2023-07,5.0,0,,3.0,42.0
6230,2023-08,0.0,0,,2.0,56.0
6230,2023-09,0.0,0,0.0,0.0,6.0
6230,2023-10,5.0,0,0.0,0.0,1.0
6230,2023-11,2.0,0,,0.0,1.0
6230,2023-12,2.0,0,0.0,0.0,2.0
6230,2024-01,0.0,0,1.0,0.0,1.0
6230,2024-02,3.0,0,1.0,0.0,1.0
6230,2024-03,2.0,0,1.0,1.0,1.0
6230,2024-04,6.0,0,2.0,3.0,0.0
6230,2024-05,0.0,0,1.0,3.0,1.0
6230,2024-06,5.0,0,1.0,3.0,2.0
6230,2024-07,1.0,0,6.0,4.0,6.0
6230,2024-08,0.0,0,6.0,3.0,8.0
6230,2024-09,4.0,0,0.0,2.0,0.0
6230,2024-10,1.0,0,7.0,1.0,7.0
6230,2024-11,2.0,0,2.0,0.0,1.0
6230,2024-12,2.0,0,1.0,0.0,1.0
7214,2022-01,5.0,28,,,
7214,2022-02,6.0,28,,,
7214,2022-03,8.0,28,,,
7214,2022-04,7.0,28,,,
7214,2022-05,9.0,28,,,
7214,2022-06,10.0,28,,,
7214,2022-07,5.0,28,,,
7214,2022-08,6.0,28,,,
7214,2022-09,7.0,28,,,
7214,2022-10,8.0,28,,,
7214,2022-11,10.0,28,,,
7214,2022-12,12.0,28,,,
7214,2023-01,5.0,18,,16.0,
7214,2023-02,7.0,18,,17.0,
7214,2023-03,7.0,18,,18.0,
7214,2023-04,3.0,18,,21.0,
7214,2023-05,8.0,18,,22.0,
7214,2023-06,3.0,18,,21.0,
7214,2023-07,8.0,18,,22.0,
7214,2023-08,0.0,18,,20.0,
7214,2023-09,2.0,18,,18.0,
7214,2023-10,1.0,18,,18.0,
7214,2023-11,0.0,18,,17.0,
7214,2023-12,0.0,18,,16.0,
7214,2024-01,4.0,4,,0.0,
7214,2024-02,4.0,4,,0.0,
7214,2024-03,1.0,4,,0.0,
7214,2024-04,4.0,4,,0.0,
7214,2024-05,7.0,4,,0.0,
7214,2024-06,1.0,4,,0.0,
7214,2024-07,3.0,4,,0.0,
7214,2024-08,2.0,4,,0.0,
7214,2024-09,1.0,4,,0.0,4.0
7214,2024-10,2.0,4,0.0,0.0,0.0
7214,2024-11,6.0,4,0.0,0.0,0.0
7214,2024-12,11.0,4,9.0,0.0,24.0
7424,2022-01,4.0,8,2.0,8.0,0.0
7424,2022-02,4.0,8,3.0,8.0,6.0
7424,2022-03,3.0,8,5.0,9.0,4.0
7424,2022-04,6.0,8,,8.0,2.0
7424,2022-05,4.0,8,9.0,10.0,2.0
7424,2022-06,1.0,8,12.0,11.0,0.0
7424,2022-07,4.0,8,6.0,9.0,4.0
7424,2022-08,4.0,8,7.0,10.0,1.0
7424,2022-09,1.0,8,0.0,10.0,1.0
7424,2022-10,3.0,8,12.0,10.0,0.0
7424,2022-11,5.0,8,4.0,10.0,7.0
7424,2022-12,2.0,8,0.0,9.0,4.0
7424,2023-01,5.0,2,,3.0,0.0
7424,2023-02,4.0,2,4.0,3.0,1.0
7424,2023-03,10.0,2,3.0,4.0,1.0
7424,2023-04,1.0,2,6.0,5.0,12.0
7424,2023-05,1.0,2,,5.0,0.0
7424,2023-06,1.0,2,1.0,5.0,0.0
7424,2023-07,0.0,2,4.0,5.0,0.0
7424,2023-08,1.0,2,4.0,5.0,1.0
7424,2023-09,1.0,2,,4.0,0.0
7424,2023-10,2.0,2,9.0,4.0,24.0
7424,2023-11,0.0,2,4.0,4.0,2.0
7424,2023-12,2.0,2,3.0,4.0,0.0
7424,2024-01,2.0,1,,2.0,2.0
7424,2024-02,0.0,1,3.0,2.0,0.0
7424,2024-03,0.0,1,7.0,3.0,0.0
7424,2024-04,3.0,1,3.0,2.0,7.0
7424,2024-05,0.0,1,2.0,2.0,4.0
7424,2024-06,3.0,1,3.0,3.0,15.0
7424,2024-07,2.0,1,0.0,2.0,2.0
7424,2024-08,5.0,1,2.0,3.0,3.0
7424,2024-09,2.0,1,3.0,3.0,8.0
7424,2024-10,7.0,1,3.0,3.0,10.0
7424,2024-11,4.0,1,4.0,3.0,7.0
7424,2024-12,2.0,1,2.0,3.0,4.0
6361,2022-01,7.0,13,,5.0,16.0
6361,2022-02,8.0,13,,1.0,2.0
6361,2022-03,3.0,13,,3.0,13.0
6361,2022-04,7.0,13,,2.0,0.0
6361,2022-05,6.0,13,20.0,5.0,0.0
6361,2022-06,6.0,13,,5.0,6.0
6361,2022-07,5.0,13,,6.0,10.0
6361,2022-08,8.0,13,7.0,6.0,3.0
6361,2022-09,7.0,13,6.0,7.0,5.0
6361,2022-10,18.0,13,,7.0,10.0
6361,2022-11,1.0,13,19.0,7.0,40.0
6361,2022-12,20.0,13,,7.0,14.0
6361,2023-01,15.0,13,7.0,10.0,42.0
6361,2023-02,4.0,13,8.0,9.0,0.0
6361,2023-03,6.0,13,,9.0,25.0
6361,2023-04,3.0,13,7.0,10.0,7.0
6361,2023-05,10.0,13,6.0,10.0,15.0
6361,2023-06,2.0,13,6.0,11.0,11.0
6361,2023-07,7.0,13,,12.0,13.0
6361,2023-08,2.0,13,,13.0,6.0
6361,2023-09,6.0,13,8.0,14.0,5.0
6361,2023-10,6.0,13,11.0,16.0,7.0
6361,2023-11,10.0,13,8.0,14.0,40.0
6361,2023-12,8.0,13,18.0,16.0,15.0
6361,2024-01,6.0,9,,4.0,2.0
6361,2024-02,2.0,9,4.0,3.0,1.0
6361,2024-03,6.0,9,8.0,2.0,8.0
6361,2024-04,4.0,9,6.0,3.0,6.0
6361,2024-05,5.0,9,9.0,4.0,17.0
6361,2024-06,4.0,9,4.0,4.0,2.0
6361,2024-07,5.0,9,,6.0,5.0
6361,2024-08,9.0,9,8.0,6.0,10.0
6361,2024-09,4.0,9,6.0,7.0,7.0
6361,2024-10,9.0,9,15.0,8.0,21.0
6361,2024-11,9.0,9,7.0,8.0,9.0
6361,2024-12,16.0,9,,8.0,17.0
7406,2022-01,5.0,15,28.0,19.0,48.0
7406,2022-02,9.0,15,7.0,15.0,6.0
7406,2022-03,7.0,15,12.0,15.0,11.0
7406,2022-04,5.0,15,7.0,13.0,7.0
7406,2022-05,0.0,15,,14.0,14.0
7406,2022-06,1.0,15,,13.0,15.0
7406,2022-07,6.0,15,8.0,13.0,1.0
7406,2022-08,5.0,15,12.0,14.0,0.0
7406,2022-09,4.0,15,9.0,13.0,5.0
7406,2022-10,4.0,15,6.0,13.0,3.0
7406,2022-11,6.0,15,13.0,15.0,8.0
7406,2022-12,2.0,15,3.0,14.0,0.0
7406,2023-01,1.0,6,16.0,8.0,0.0
7406,2023-02,5.0,6,,7.0,8.0
7406,2023-03,11.0,6,6.0,7.0,0.0
7406,2023-04,7.0,6,,6.0,1.0
7406,2023-05,9.0,6,,6.0,0.0
7406,2023-06,0.0,6,4.0,7.0,20.0
7406,2023-07,5.0,6,6.0,6.0,8.0
7406,2023-08,5.0,6,5.0,7.0,5.0
7406,2023-09,1.0,6,6.0,7.0,9.0
7406,2023-10,6.0,6,3.0,7.0,0.0
7406,2023-11,6.0,6,6.0,6.0,0.0
7406,2023-12,12.0,6,8.0,6.0,9.0
7406,2024-01,5.0,7,5.0,10.0,47.0
7406,2024-02,2.0,7,5.0,9.0,7.0
7406,2024-03,5.0,7,11.0,9.0,5.0
7406,2024-04,5.0,7,7.0,8.0,14.0
7406,2024-05,3.0,7,7.0,8.0,24.0
7406,2024-06,3.0,7,0.0,8.0,6.0
7406,2024-07,2.0,7,5.0,8.0,7.0
7406,2024-08,16.0,7,5.0,8.0,13.0
7406,2024-09,2.0,7,5.0,8.0,7.0
7406,2024-10,6.0,7,4.0,8.0,4.0
7406,2024-11,7.0,7,6.0,9.0,8.0
7406,2024-12,13.0,7,3.0,9.0,2.0
6012,2022-01,77.0,106,35.0,94.0,0.0
6012,2022-02,93.0,106,110.0,104.0,154.0
6012,2022-03,94.0,106,130.0,95.0,0.0
6012,2022-04,110.0,106,148.0,124.0,161.0
6012,2022-05,78.0,106,141.0,117.0,204.0
6012,2022-06,78.0,106,137.0,122.0,97.0
6012,2022-07,71.0,106,165.0,149.0,268.0
6012,2022-08,106.0,106,175.0,135.0,182.0
6012,2022-09,100.0,106,119.0,135.0,105.0
6012,2022-10,97.0,106,,163.0,98.0
6012,2022-11,129.0,106,,156.0,175.0
6012,2022-12,87.0,106,,171.0,214.0
6012,2023-01,93.0,15,76.0,0.0,6.0
6012,2023-02,86.0,15,99.0,8.0,151.0
6012,2023-03,91.0,15,94.0,21.0,228.0
6012,2023-04,101.0,15,,40.0,148.0
6012,2023-05,98.0,15,,50.0,84.0
6012,2023-06,62.0,15,121.0,49.0,80.0
6012,2023-07,84.0,15,71.0,60.0,350.0
6012,2023-08,80.0,15,107.0,49.0,142.0
6012,2023-09,51.0,15,129.0,50.0,176.0
6012,2023-10,78.0,15,136.0,69.0,241.0
6012,2023-11,105.0,15,113.0,72.0,188.0
6012,2023-12,87.0,15,151.0,95.0,0.0
6012,2024-01,70.0,22,94.0,12.0,85.0
6012,2024-02,18.0,22,101.0,26.0,102.0
6012,2024-03,53.0,22,117.0,35.0,188.0
6012,2024-04,97.0,22,102.0,56.0,157.0
6012,2024-05,69.0,22,115.0,57.0,264.0
6012,2024-06,55.0,22,70.0,59.0,238.0
6012,2024-07,81.0,22,101.0,68.0,107.0
6012,2024-08,108.0,22,88.0,63.0,95.0
6012,2024-09,117.0,22,120.0,65.0,78.0
6012,2024-10,149.0,22,124.0,80.0,132.0
6012,2024-11,193.0,22,128.0,82.0,112.0
6012,2024-12,121.0,22,57.0,96.0,53.0
6093,2022-01,3.0,10,,10.0,
6093,2022-02,10.0,10,,11.0,
6093,2022-03,4.0,10,,7.0,
6093,2022-04,13.0,10,7.0,7.0,6.0
6093,2022-05,5.0,10,10.0,4.0,17.0
6093,2022-06,4.0,10,3.0,7.0,1.0
6093,2022-07,0.0,10,6.0,3.0,0.0
6093,2022-08,1.0,10,7.0,3.0,21.0
6093,2022-09,4.0,10,8.0,5.0,26.0
6093,2022-10,4.0,10,12.0,6.0,9.0
6093,2022-11,17.0,10,7.0,6.0,5.0
6093,2022-12,5.0,10,,6.0,12.0
6093,2023-01,5.0,8,0.0,8.0,2.0
6093,2023-02,8.0,8,9.0,7.0,17.0
6093,2023-03,0.0,8,10.0,9.0,7.0
6093,2023-04,2.0,8,13.0,5.0,14.0
6093,2023-05,3.0,8,,6.0,14.0
6093,2023-06,4.0,8,,5.0,1.0
6093,2023-07,3.0,8,,5.0,0.0
6093,2023-08,3.0,8,3.0,5.0,10.0
6093,2023-09,2.0,8,,5.0,16.0
6093,2023-10,2.0,8,1.0,6.0,10.0
6093,2023-11,11.0,8,15.0,4.0,0.0
6093,2023-12,18.0,8,5.0,10.0,13.0
6093,2024-01,2.0,6,5.0,6.0,3.0
6093,2024-02,0.0,6,,7.0,12.0
6093,2024-03,3.0,6,2.0,9.0,8.0
6093,2024-04,2.0,6,4.0,8.0,0.0
6093,2024-05,2.0,6,10.0,6.0,12.0
6093,2024-06,5.0,6,2.0,5.0,0.0
6093,2024-07,1.0,6,3.0,4.0,12.0
6093,2024-08,1.0,6,3.0,4.0,8.0
6093,2024-09,7.0,6,3.0,5.0,5.0
6093,2024-10,2.0,6,6.0,7.0,6.0
6093,2024-11,5.0,6,14.0,7.0,0.0
6093,2024-12,5.0,6,10.0,8.0,4.0
6354,2022-01,22.0,37,67.0,54.0,78.0
6354,2022-02,14.0,37,5.0,55.0,0.0
6354,2022-03,14.0,37,13.0,53.0,10.0
6354,2022-04,10.0,37,8.0,50.0,2.0
6354,2022-05,13.0,37,6.0,46.0,6.0
6354,2022-06,13.0,37,12.0,44.0,16.0
6354,2022-07,18.0,37,22.0,44.0,0.0
6354,2022-08,10.0,37,23.0,46.0,22.0
6354,2022-09,9.0,37,41.0,48.0,0.0
6354,2022-10,40.0,37,40.0,52.0,0.0
6354,2022-11,21.0,37,29.0,57.0,19.0
6354,2022-12,25.0,37,0.0,57.0,0.0
6354,2023-01,21.0,23,28.0,20.0,0.0
6354,2023-02,10.0,23,13.0,19.0,57.0
6354,2023-03,12.0,23,14.0,16.0,14.0
6354,2023-04,7.0,23,16.0,18.0,10.0
6354,2023-05,16.0,23,,16.0,10.0
6354,2023-06,9.0,23,13.0,16.0,0.0
6354,2023-07,9.0,23,,20.0,14.0
6354,2023-08,14.0,23,12.0,24.0,10.0
6354,2023-09,10.0,23,0.0,28.0,10.0
6354,2023-10,6.0,23,,27.0,18.0
6354,2023-11,15.0,23,,33.0,27.0
6354,2023-12,12.0,23,52.0,32.0,39.0
6354,2024-01,4.0,12,20.0,7.0,63.0
6354,2024-02,6.0,12,11.0,7.0,14.0
6354,2024-03,3.0,12,12.0,4.0,12.0
6354,2024-04,18.0,12,15.0,6.0,29.0
6354,2024-05,5.0,12,17.0,3.0,28.0
6354,2024-06,5.0,12,14.0,4.0,19.0
6354,2024-07,15.0,12,12.0,9.0,16.0
6354,2024-08,14.0,12,13.0,10.0,22.0
6354,2024-09,17.0,12,20.0,14.0,55.0
6354,2024-10,15.0,12,9.0,20.0,0.0
6354,2024-11,21.0,12,14.0,20.0,1.0
6354,2024-12,18.0,12,32.0,20.0,74.0
7429,2022-01,0.0,0,,1.0,
7429,2022-02,0.0,0,3.0,0.0,4.0
7429,2022-03,0.0,0,0.0,0.0,0.0
7429,2022-04,0.0,0,2.0,0.0,7.0
7429,2022-05,0.0,0,3.0,0.0,16.0
7429,2022-06,0.0,0,2.0,0.0,0.0
7429,2022-07,0.0,0,0.0,0.0,2.0
7429,2022-08,0.0,0,5.0,0.0,24.0
7429,2022-09,0.0,0,0.0,0.0,0.0
7429,2022-10,0.0,0,1.0,0.0,6.0
7429,2022-11,0.0,0,0.0,0.0,3.0
7429,2022-12,0.0,0,0.0,0.0,0.0
7429,2023-01,0.0,0,1.0,0.0,3.0
7429,2023-02,0.0,0,,0.0,5.0
7429,2023-03,0.0,0,0.0,0.0,5.0
7429,2023-04,0.0,0,0.0,0.0,10.0
7429,2023-05,0.0,0,0.0,0.0,16.0
7429,2023-06,0.0,0,,0.0,6.0
7429,2023-07,0.0,0,0.0,0.0,2.0
7429,2023-08,0.0,0,,0.0,24.0
7429,2023-09,0.0,0,0.0,0.0,5.0
7429,2023-10,0.0,0,,0.0,3.0
7429,2023-11,0.0,0,,0.0,2.0
7429,2023-12,0.0,0,0.0,0.0,3.0
7429,2024-01,0.0,0,,0.0,2.0
7429,2024-02,0.0,0,1.0,0.0,2.0
7429,2024-03,0.0,0,0.0,0.0,1.0
7429,2024-04,0.0,0,1.0,0.0,1.0
7429,2024-05,0.0,0,2.0,0.0,1.0
7429,2024-06,0.0,0,0.0,0.0,1.0
7429,2024-07,0.0,0,0.0,0.0,1.0
7429,2024-08,0.0,0,2.0,0.0,3.0
7429,2024-09,0.0,0,0.0,0.0,0.0
7429,2024-10,9.0,0,,0.0,1.0
7429,2024-11,4.0,0,,0.0,0.0
7429,2024-12,3.0,0,0.0,0.0,1.0
5912,2022-01,12.0,0,1.0,5.0,3.0
5912,2022-02,3.0,0,6.0,10.0,9.0
5912,2022-03,7.0,0,7.0,9.0,2.0
5912,2022-04,16.0,0,17.0,6.0,13.0
5912,2022-05,11.0,0,60.0,5.0,47.0
5912,2022-06,3.0,0,,15.0,33.0
5912,2022-07,1.0,0,0.0,13.0,0.0
5912,2022-08,14.0,0,23.0,11.0,0.0
5912,2022-09,4.0,0,12.0,17.0,0.0
5912,2022-10,4.0,0,20.0,20.0,46.0
5912,2022-11,10.0,0,10.0,20.0,22.0
5912,2022-12,10.0,0,4.0,26.0,0.0
5912,2023-01,4.0,2,11.0,1.0,24.0
5912,2023-02,6.0,2,,7.0,17.0
5912,2023-03,6.0,2,16.0,9.0,2.0
5912,2023-04,5.0,2,16.0,11.0,0.0
5912,2023-05,7.0,2,,13.0,0.0
5912,2023-06,2.0,2,3.0,15.0,29.0
5912,2023-07,7.0,2,1.0,16.0,44.0
5912,2023-08,7.0,2,15.0,11.0,10.0
5912,2023-09,7.0,2,10.0,13.0,56.0
5912,2023-10,4.0,2,6.0,14.0,0.0
5912,2023-11,10.0,2,10.0,14.0,5.0
5912,2023-12,6.0,2,12.0,17.0,66.0
5912,2024-01,5.0,1,8.0,1.0,12.0
5912,2024-02,2.0,1,5.0,3.0,7.0
5912,2024-03,4.0,1,9.0,6.0,34.0
5912,2024-04,7.0,1,14.0,9.0,20.0
5912,2024-05,6.0,1,15.0,10.0,39.0
5912,2024-06,4.0,1,7.0,11.0,16.0
5912,2024-07,9.0,1,9.0,10.0,28.0
5912,2024-08,7.0,1,9.0,9.0,22.0
5912,2024-09,6.0,1,10.0,8.0,12.0
5912,2024-10,13.0,1,3.0,10.0,6.0
5912,2024-11,33.0,1,10.0,10.0,11.0
5912,2024-12,8.0,1,11.0,12.0,11.0
6439,2022-01,8.0,36,16.0,18.0,0.0
6439,2022-02,5.0,36,0.0,24.0,0.0
6439,2022-03,4.0,36,2.0,25.0,4.0
6439,2022-04,10.0,36,2.0,24.0,0.0
6439,2022-05,20.0,36,,27.0,5.0
6439,2022-06,1.0,36,9.0,30.0,18.0
6439,2022-07,20.0,36,5.0,29.0,20.0
6439,2022-08,3.0,36,12.0,32.0,0.0
6439,2022-09,10.0,36,30.0,26.0,35.0
6439,2022-10,6.0,36,,27.0,17.0
6439,2022-11,4.0,36,0.0,21.0,0.0
6439,2022-12,11.0,36,40.0,19.0,0.0
6439,2023-01,13.0,2,,4.0,40.0
6439,2023-02,4.0,2,,6.0,2.0
6439,2023-03,1.0,2,,8.0,4.0
6439,2023-04,1.0,2,10.0,5.0,20.0
6439,2023-05,2.0,2,,5.0,2.0
6439,2023-06,4.0,2,4.0,13.0,20.0
6439,2023-07,2.0,2,20.0,7.0,0.0
6439,2023-08,1.0,2,,14.0,46.0
6439,2023-09,8.0,2,10.0,14.0,0.0
6439,2023-10,2.0,2,6.0,14.0,0.0
6439,2023-11,1.0,2,29.0,16.0,24.0
6439,2023-12,10.0,2,35.0,15.0,0.0
6439,2024-01,2.0,2,11.0,0.0,8.0
6439,2024-02,0.0,2,3.0,0.0,8.0
6439,2024-03,1.0,2,0.0,2.0,2.0
6439,2024-04,0.0,2,1.0,2.0,12.0
6439,2024-05,10.0,2,16.0,4.0,28.0
6439,2024-06,0.0,2,4.0,5.0,5.0
6439,2024-07,0.0,2,15.0,6.0,20.0
6439,2024-08,0.0,2,7.0,8.0,7.0
6439,2024-09,0.0,2,10.0,7.0,18.0
6439,2024-10,0.0,2,6.0,8.0,6.0
6439,2024-11,14.0,2,14.0,8.0,64.0
6439,2024-12,40.0,2,17.0,7.0,47.0
5919,2022-01,6.0,6,9.0,2.0,7.0
5919,2022-02,14.0,6,25.0,3.0,21.0
5919,2022-03,12.0,6,7.0,5.0,7.0
5919,2022-04,14.0,6,,5.0,17.0
5919,2022-05,4.0,6,15.0,3.0,17.0
5919,2022-06,9.0,6,15.0,4.0,36.0
5919,2022-07,5.0,6,4.0,4.0,0.0
5919,2022-08,3.0,6,23.0,5.0,42.0
5919,2022-09,34.0,6,14.0,5.0,12.0
5919,2022-10,39.0,6,17.0,6.0,4.0
5919,2022-11,15.0,6,27.0,7.0,18.0
5919,2022-12,10.0,6,3.0,9.0,8.0
5919,2023-01,10.0,10,6.0,9.0,6.0
5919,2023-02,10.0,10,12.0,8.0,36.0
5919,2023-03,16.0,10,12.0,10.0,1.0
5919,2023-04,8.0,10,13.0,10.0,16.0
5919,2023-05,9.0,10,30.0,14.0,36.0
5919,2023-06,6.0,10,,13.0,2.0
5919,2023-07,11.0,10,16.0,14.0,8.0
5919,2023-08,15.0,10,15.0,15.0,54.0
5919,2023-09,10.0,10,23.0,7.0,0.0
5919,2023-10,7.0,10,,6.0,0.0
5919,2023-11,2.0,10,18.0,13.0,34.0
5919,2023-12,11.0,10,13.0,15.0,18.0
5919,2024-01,6.0,2,4.0,1.0,5.0
5919,2024-02,6.0,2,15.0,2.0,14.0
5919,2024-03,5.0,2,17.0,2.0,15.0
5919,2024-04,7.0,2,,3.0,18.0
5919,2024-05,14.0,2,14.0,4.0,54.0
5919,2024-06,7.0,2,11.0,5.0,15.0
5919,2024-07,6.0,2,7.0,4.0,11.0
5919,2024-08,19.0,2,11.0,5.0,15.0
5919,2024-09,4.0,2,27.0,6.0,47.0
5919,2024-10,10.0,2,32.0,6.0,14.0
5919,2024-11,15.0,2,9.0,7.0,12.0
5919,2024-12,8.0,2,11.0,7.0,13.0
6371,2022-01,0.0,0,,,
6371,2022-02,0.0,0,,,
6371,2022-03,0.0,0,,,
6371,2022-04,0.0,0,,,
6371,2022-05,0.0,0,,,
6371,2022-06,0.0,0,,,
6371,2022-07,0.0,0,,,
6371,2022-08,0.0,0,,,
6371,2022-09,0.0,0,,,
6371,2022-10,15.0,0,,,
6371,2022-11,2.0,0,,,
6371,2022-12,4.0,0,,,
6371,2023-01,0.0,0,,0.0,
6371,2023-02,0.0,0,,0.0,
6371,2023-03,0.0,0,,0.0,
6371,2023-04,8.0,0,,0.0,
6371,2023-05,15.0,0,,0.0,
6371,2023-06,1.0,0,,0.0,
6371,2023-07,1.0,0,,0.0,
6371,2023-08,0.0,0,,0.0,
6371,2023-09,0.0,0,,0.0,
6371,2023-10,0.0,0,,0.0,
6371,2023-11,1.0,0,,0.0,
6371,2023-12,10.0,0,,0.0,
6371,2024-01,0.0,0,,4.0,
6371,2024-02,10.0,0,,21.0,
6950,2022-01,3.0,4,,4.0,
6950,2022-02,3.0,4,,4.0,
6950,2022-03,1.0,4,4.0,5.0,1.0
6950,2022-04,2.0,4,,5.0,17.0
6950,2022-05,1.0,4,3.0,5.0,6.0
6950,2022-06,3.0,4,1.0,6.0,2.0
6950,2022-07,6.0,4,6.0,6.0,5.0
6950,2022-08,3.0,4,5.0,5.0,0.0
6950,2022-09,1.0,4,8.0,4.0,11.0
6950,2022-10,3.0,4,4.0,4.0,6.0
6950,2022-11,3.0,4,8.0,5.0,6.0
6950,2022-12,5.0,4,5.0,5.0,0.0
6950,2023-01,1.0,2,4.0,3.0,2.0
6950,2023-02,2.0,2,,4.0,10.0
6950,2023-03,3.0,2,6.0,5.0,8.0
6950,2023-04,2.0,2,2.0,6.0,0.0
6950,2023-05,1.0,2,1.0,6.0,12.0
6950,2023-06,2.0,2,3.0,5.0,3.0
6950,2023-07,4.0,2,5.0,5.0,2.0
6950,2023-08,2.0,2,,5.0,36.0
6950,2023-09,1.0,2,,5.0,16.0
6950,2023-10,3.0,2,,5.0,7.0
6950,2023-11,1.0,2,3.0,5.0,9.0
6950,2023-12,0.0,2,,5.0,6.0
6950,2024-01,0.0,0,1.0,1.0,2.0
6950,2024-02,1.0,0,4.0,1.0,0.0
6950,2024-03,1.0,0,3.0,1.0,1.0
6950,2024-04,2.0,0,3.0,3.0,22.0
6950,2024-05,0.0,0,5.0,3.0,10.0
6950,2024-06,1.0,0,2.0,3.0,3.0
6950,2024-07,3.0,0,6.0,3.0,6.0
6950,2024-08,3.0,0,4.0,2.0,5.0
6950,2024-09,4.0,0,3.0,2.0,9.0
6950,2024-10,2.0,0,4.0,2.0,6.0
6950,2024-11,5.0,0,3.0,2.0,4.0
6950,2024-12,3.0,0,4.0,2.0,2.0
6627,2022-01,0.0,1,3.0,0.0,0.0
6627,2022-02,0.0,1,4.0,0.0,2.0
6627,2022-03,0.0,1,7.0,0.0,0.0
6627,2022-04,0.0,1,1.0,0.0,1.0
6627,2022-05,2.0,1,7.0,0.0,14.0
6627,2022-06,3.0,1,3.0,0.0,0.0
6627,2022-07,4.0,1,,0.0,4.0
6627,2022-08,2.0,1,5.0,0.0,2.0
6627,2022-09,2.0,1,1.0,1.0,2.0
6627,2022-10,1.0,1,0.0,3.0,24.0
6627,2022-11,4.0,1,,3.0,0.0
6627,2022-12,4.0,1,6.0,2.0,10.0
6627,2023-01,1.0,3,0.0,5.0,5.0
6627,2023-02,2.0,3,3.0,5.0,8.0
6627,2023-03,1.0,3,3.0,5.0,0.0
6627,2023-04,1.0,3,,5.0,2.0
6627,2023-05,1.0,3,6.0,4.0,0.0
6627,2023-06,0.0,3,3.0,4.0,0.0
6627,2023-07,0.0,3,,4.0,2.0
6627,2023-08,4.0,3,2.0,5.0,0.0
6627,2023-09,1.0,3,2.0,5.0,2.0
6627,2023-10,5.0,3,3.0,6.0,18.0
6627,2023-11,8.0,3,1.0,5.0,5.0
6627,2023-12,4.0,3,3.0,5.0,5.0
6627,2024-01,5.0,4,1.0,5.0,5.0
6627,2024-02,12.0,4,1.0,5.0,8.0
6627,2024-03,5.0,4,2.0,5.0,10.0
6627,2024-04,1.0,4,1.0,5.0,1.0
6627,2024-05,1.0,4,2.0,5.0,5.0
6627,2024-06,12.0,4,1.0,5.0,9.0
6627,2024-07,2.0,4,1.0,6.0,4.0
6627,2024-08,6.0,4,4.0,5.0,2.0
6627,2024-09,21.0,4,1.0,6.0,2.0
6627,2024-10,11.0,4,2.0,6.0,3.0
6627,2024-11,10.0,4,8.0,5.0,0.0
6627,2024-12,9.0,4,3.0,6.0,3.0
683406,2022-01,0.0,0,,0.0,
683406,2022-02,0.0,0,,0.0,
683406,2022-03,0.0,0,,0.0,
683406,2022-04,0.0,0,,0.0,
683406,2022-05,0.0,0,,0.0,
683406,2022-06,0.0,0,,0.0,
683406,2022-07,0.0,0,,0.0,
683406,2022-08,0.0,0,,0.0,
683406,2022-09,0.0,0,,0.0,
683406,2022-10,2.0,0,,0.0,
683406,2022-11,18.0,0,,0.0,
683406,2022-12,2.0,0,,0.0,
683406,2023-01,0.0,4,,11.0,
683406,2023-02,1.0,4,,11.0,
683406,2023-03,1.0,4,,10.0,
683406,2023-04,0.0,4,,11.0,
683406,2023-05,1.0,4,,10.0,
683406,2023-06,1.0,4,,10.0,
683406,2023-07,0.0,4,,11.0,
683406,2023-08,0.0,4,,11.0,
683406,2023-09,4.0,4,0.0,11.0,0.0
683406,2023-10,2.0,4,2.0,11.0,1.0
683406,2023-11,4.0,4,18.0,11.0,0.0
683406,2023-12,0.0,4,2.0,10.0,0.0
683406,2024-01,0.0,1,,0.0,0.0
683406,2024-02,0.0,1,1.0,0.0,0.0
683406,2024-03,0.0,1,1.0,0.0,0.0
683406,2024-04,0.0,1,,0.0,0.0
683406,2024-05,0.0,1,1.0,0.0,0.0
683406,2024-06,0.0,1,1.0,1.0,0.0
683406,2024-07,0.0,1,,1.0,0.0
683406,2024-08,0.0,1,,2.0,0.0
683406,2024-09,0.0,1,4.0,2.0,1.0
683406,2024-10,2.0,1,2.0,2.0,1.0
683406,2024-11,1.0,1,,3.0,36.0
683406,2024-12,3.0,1,,2.0,5.0
5956,2022-01,10.0,14,,12.0,
5956,2022-02,16.0,14,,15.0,
5956,2022-03,13.0,14,,8.0,
5956,2022-04,23.0,14,,11.0,
5956,2022-05,18.0,14,,15.0,
5956,2022-06,11.0,14,,13.0,
5956,2022-07,6.0,14,,17.0,
5956,2022-08,14.0,14,,13.0,
5956,2022-09,14.0,14,,15.0,
5956,2022-10,15.0,14,,16.0,
5956,2022-11,32.0,14,,14.0,
5956,2022-12,16.0,14,,21.0,
5956,2023-01,4.0,16,,24.0,
5956,2023-02,13.0,16,,25.0,
5956,2023-03,18.0,16,,26.0,
5956,2023-04,6.0,16,,26.0,
5956,2023-05,5.0,16,,26.0,20.0
5956,2023-06,5.0,16,10.0,26.0,0.0
5956,2023-07,22.0,16,10.0,27.0,8.0
5956,2023-08,9.0,16,,24.0,20.0
5956,2023-09,8.0,16,17.0,24.0,15.0
5956,2023-10,13.0,16,14.0,26.0,15.0
5956,2023-11,5.0,16,,25.0,30.0
5956,2023-12,26.0,16,11.0,30.0,9.0
5956,2024-01,3.0,11,5.0,18.0,15.0
5956,2024-02,6.0,11,,18.0,16.0
5956,2024-03,13.0,11,15.0,19.0,18.0
5956,2024-04,13.0,11,11.0,24.0,9.0
5956,2024-05,12.0,11,,25.0,36.0
5956,2024-06,7.0,11,,24.0,18.0
5956,2024-07,8.0,11,,19.0,44.0
5956,2024-08,10.0,11,9.0,21.0,8.0
5956,2024-09,18.0,11,12.0,22.0,16.0
5956,2024-10,25.0,11,,22.0,15.0
5956,2024-11,16.0,11,22.0,26.0,61.0
5956,2024-12,13.0,11,,23.0,0.0
6434,2022-01,27.0,68,38.0,58.0,0.0
6434,2022-02,62.0,68,21.0,72.0,18.0
6434,2022-03,36.0,68,61.0,65.0,42.0
6434,2022-04,30.0,68,32.0,55.0,0.0
6434,2022-05,31.0,68,16.0,61.0,0.0
6434,2022-06,22.0,68,131.0,55.0,139.0
6434,2022-07,33.0,68,39.0,69.0,0.0
6434,2022-08,46.0,68,63.0,63.0,0.0
6434,2022-09,22.0,68,50.0,71.0,0.0
6434,2022-10,48.0,68,71.0,67.0,0.0
6434,2022-11,51.0,68,86.0,65.0,0.0
6434,2022-12,50.0,68,84.0,74.0,104.0
6434,2023-01,44.0,36,45.0,42.0,0.0
6434,2023-02,26.0,36,,33.0,73.0
6434,2023-03,26.0,36,,42.0,0.0
6434,2023-04,18.0,36,30.0,48.0,140.0
6434,2023-05,25.0,36,40.0,48.0,0.0
6434,2023-06,20.0,36,,53.0,0.0
6434,2023-07,28.0,36,33.0,53.0,10.0
6434,2023-08,14.0,36,46.0,51.0,0.0
6434,2023-09,24.0,36,23.0,61.0,37.0
6434,2023-10,28.0,36,38.0,58.0,0.0
6434,2023-11,25.0,36,34.0,59.0,0.0
6434,2023-12,36.0,36,55.0,62.0,21.0
6434,2024-01,21.0,21,32.0,20.0,26.0
6434,2024-02,16.0,21,44.0,26.0,0.0
6434,2024-03,23.0,21,26.0,26.0,25.0
6434,2024-04,40.0,21,27.0,31.0,69.0
6434,2024-05,29.0,21,30.0,30.0,47.0
6434,2024-06,20.0,21,24.0,33.0,59.0
6434,2024-07,40.0,21,26.0,36.0,28.0
6434,2024-08,41.0,21,3.0,41.0,26.0
6434,2024-09,40.0,21,21.0,41.0,55.0
6434,2024-10,32.0,21,34.0,46.0,37.0
6434,2024-11,59.0,21,25.0,49.0,75.0
6434,2024-12,44.0,21,33.0,48.0,71.0
5886,2022-01,11.0,26,35.0,12.0,0.0
5886,2022-02,14.0,26,10.0,5.0,14.0
5886,2022-03,7.0,26,32.0,9.0,34.0
5886,2022-04,11.0,26,9.0,2.0,19.0
5886,2022-05,10.0,26,13.0,8.0,34.0
5886,2022-06,9.0,26,32.0,11.0,34.0
5886,2022-07,14.0,26,17.0,10.0,0.0
5886,2022-08,13.0,26,20.0,12.0,59.0
5886,2022-09,12.0,26,,15.0,21.0
5886,2022-10,25.0,26,13.0,12.0,17.0
5886,2022-11,15.0,26,,12.0,12.0
5886,2022-12,12.0,26,19.0,12.0,19.0
5886,2023-01,10.0,17,11.0,17.0,0.0
5886,2023-02,8.0,17,,16.0,4.0
5886,2023-03,8.0,17,,15.0,54.0
5886,2023-04,6.0,17,,15.0,10.0
5886,2023-05,4.0,17,22.0,17.0,0.0
5886,2023-06,0.0,17,0.0,18.0,42.0
5886,2023-07,0.0,17,,20.0,16.0
5886,2023-08,0.0,17,,22.0,43.0
5886,2023-09,0.0,17,13.0,23.0,8.0
5886,2023-10,0.0,17,,24.0,19.0
5886,2023-11,0.0,17,13.0,22.0,12.0
5886,2023-12,0.0,17,15.0,21.0,14.0
5886,2024-01,0.0,2,15.0,0.0,86.0
5886,2024-02,0.0,2,,0.0,12.0
5886,2024-03,0.0,2,12.0,0.0,54.0
5886,2024-04,0.0,2,4.0,0.0,6.0
5886,2024-05,0.0,2,14.0,0.0,23.0
5886,2024-06,0.0,2,0.0,0.0,17.0
5886,2024-07,0.0,2,10.0,0.0,12.0
5886,2024-08,0.0,2,16.0,0.0,14.0
5886,2024-09,4.0,2,,1.0,2.0
5886,2024-10,16.0,2,14.0,1.0,0.0
5886,2024-11,15.0,2,12.0,0.0,20.0
5886,2024-12,31.0,2,0.0,0.0,0.0
6843,2022-01,6.0,9,9.0,16.0,14.0
6843,2022-02,8.0,9,12.0,14.0,0.0
6843,2022-03,6.0,9,10.0,17.0,11.0
6843,2022-04,4.0,9,7.0,15.0,11.0
6843,2022-05,2.0,9,30.0,16.0,40.0
6843,2022-06,0.0,9,7.0,19.0,11.0
6843,2022-07,0.0,9,15.0,19.0,0.0
6843,2022-08,0.0,9,28.0,18.0,5.0
6843,2022-09,2.0,9,19.0,24.0,0.0
6843,2022-10,4.0,9,,20.0,0.0
6843,2022-11,6.0,9,11.0,20.0,2.0
6843,2022-12,4.0,9,,19.0,13.0
6843,2023-01,9.0,2,19.0,10.0,20.0
6843,2023-02,4.0,2,23.0,9.0,0.0
6843,2023-03,7.0,2,6.0,10.0,30.0
6843,2023-04,2.0,2,,8.0,17.0
6843,2023-05,5.0,2,,11.0,40.0
6843,2023-06,3.0,2,,14.0,19.0
6843,2023-07,8.0,2,,13.0,6.0
6843,2023-08,2.0,2,,16.0,0.0
6843,2023-09,9.0,2,,16.0,67.0
6843,2023-10,3.0,2,15.0,13.0,32.0
6843,2023-11,5.0,2,14.0,12.0,30.0
6843,2023-12,4.0,2,17.0,12.0,43.0
6843,2024-01,3.0,3,14.0,6.0,18.0
6843,2024-02,4.0,3,14.0,6.0,52.0
6843,2024-03,1.0,3,,6.0,5.0
6843,2024-04,0.0,3,6.0,5.0,29.0
6843,2024-05,0.0,3,10.0,6.0,29.0
6843,2024-06,0.0,3,9.0,9.0,40.0
6843,2024-07,0.0,3,10.0,8.0,45.0
6843,2024-08,0.0,3,8.0,10.0,53.0
6843,2024-09,0.0,3,13.0,10.0,20.0
6843,2024-10,0.0,3,12.0,9.0,17.0
6843,2024-11,0.0,3,12.0,8.0,14.0
6843,2024-12,0.0,3,12.0,7.0,13.0
6260,2022-01,5.0,5,,6.0,
6260,2022-02,8.0,5,,5.0,
6260,2022-03,1.0,5,,14.0,
6260,2022-04,4.0,5,,9.0,
6260,2022-05,1.0,5,,9.0,
6260,2022-06,2.0,5,,5.0,
6260,2022-07,2.0,5,,5.0,
6260,2022-08,4.0,5,,3.0,
6260,2022-09,2.0,5,,7.0,
6260,2022-10,4.0,5,,5.0,
6260,2022-11,4.0,5,,9.0,
6260,2022-12,7.0,5,,13.0,
6260,2023-01,2.0,2,,2.0,
6260,2023-02,7.0,2,,2.0,
6260,2023-03,2.0,2,,5.0,
6260,2023-04,6.0,2,,3.0,
6260,2023-05,7.0,2,,4.0,
6260,2023-06,0.0,2,,4.0,
6260,2023-07,3.0,2,5.0,4.0,0.0
6260,2023-08,4.0,2,4.0,5.0,8.0
6260,2023-09,5.0,2,2.0,7.0,7.0
6260,2023-10,5.0,2,5.0,6.0,9.0
6260,2023-11,5.0,2,5.0,8.0,7.0
6260,2023-12,1.0,2,7.0,8.0,8.0
6260,2024-01,5.0,1,3.0,3.0,4.0
6260,2024-02,1.0,1,7.0,2.0,8.0
6260,2024-03,4.0,1,5.0,3.0,10.0
6260,2024-04,5.0,1,5.0,3.0,7.0
6260,2024-05,4.0,1,4.0,2.0,6.0
6260,2024-06,2.0,1,1.0,4.0,2.0
6260,2024-07,3.0,1,,4.0,10.0
6260,2024-08,8.0,1,4.0,4.0,6.0
6260,2024-09,1.0,1,3.0,4.0,10.0
6260,2024-10,3.0,1,5.0,5.0,7.0
6260,2024-11,5.0,1,5.0,5.0,7.0
6260,2024-12,3.0,1,0.0,7.0,2.0
6995,2022-01,1.0,2,,1.0,
6995,2022-02,1.0,2,,2.0,
6995,2022-03,4.0,2,,2.0,
6995,2022-04,0.0,2,,2.0,
6995,2022-05,6.0,2,,2.0,
6995,2022-06,1.0,2,,2.0,
6995,2022-07,1.0,2,,2.0,
6995,2022-08,1.0,2,,2.0,
6995,2022-09,0.0,2,,1.0,
6995,2022-10,2.0,2,,1.0,
6995,2022-11,2.0,2,,2.0,
6995,2022-12,2.0,2,1.0,2.0,1.0
6995,2023-01,0.0,2,1.0,2.0,0.0
6995,2023-02,0.0,2,,2.0,3.0
6995,2023-03,0.0,2,5.0,2.0,3.0
6995,2023-04,3.0,2,4.0,2.0,10.0
6995,2023-05,0.0,2,6.0,2.0,9.0
6995,2023-06,0.0,2,3.0,2.0,8.0
6995,2023-07,1.0,2,1.0,2.0,0.0
6995,2023-08,0.0,2,1.0,2.0,0.0
6995,2023-09,0.0,2,2.0,2.0,0.0
6995,2023-10,0.0,2,1.0,2.0,1.0
6995,2023-11,0.0,2,2.0,2.0,1.0
6995,2023-12,1.0,2,,2.0,1.0
6995,2024-01,0.0,0,,0.0,1.0
6995,2024-02,0.0,0,,1.0,0.0
6995,2024-03,0.0,0,0.0,1.0,0.0
6995,2024-04,0.0,0,1.0,1.0,5.0
6995,2024-05,0.0,0,1.0,1.0,0.0
6995,2024-06,0.0,0,,1.0,8.0
6995,2024-07,0.0,0,1.0,1.0,0.0
6995,2024-08,0.0,0,,0.0,1.0
6995,2024-09,0.0,0,,0.0,0.0
6995,2024-10,0.0,0,2.0,1.0,2.0
6995,2024-11,0.0,0,,1.0,0.0
6995,2024-12,0.0,0,2.0,1.0,2.0
6405,2022-01,0.0,0,11.0,0.0,50.0
6405,2022-02,0.0,0,23.0,0.0,14.0
6405,2022-03,0.0,0,0.0,0.0,0.0
6405,2022-04,0.0,0,3.0,0.0,4.0
6405,2022-05,1.0,0,3.0,0.0,5.0
6405,2022-06,4.0,0,1326.0,0.0,4.0
6405,2022-07,1.0,0,2.0,0.0,1.0
6405,2022-08,6.0,0,1.0,0.0,46.0
6405,2022-09,3.0,0,,0.0,8.0
6405,2022-10,1.0,0,4.0,0.0,0.0
6405,2022-11,3.0,0,1.0,0.0,18.0
6405,2022-12,4.0,0,0.0,2.0,0.0
6405,2023-01,2.0,41,,0.0,0.0
6405,2023-02,5.0,41,10.0,0.0,26.0
6405,2023-03,8.0,41,,0.0,48.0
6405,2023-04,5.0,41,,0.0,0.0
6405,2023-05,6.0,41,3.0,0.0,0.0
6405,2023-06,0.0,41,,0.0,0.0
6405,2023-07,0.0,41,,0.0,0.0
6405,2023-08,0.0,41,7.0,0.0,10.0
6405,2023-09,0.0,41,2.0,0.0,7.0
6405,2023-10,0.0,41,4.0,0.0,2.0
6405,2023-11,0.0,41,4.0,0.0,9.0
6405,2023-12,0.0,41,11.0,2.0,9.0
6405,2024-01,1.0,0,5.0,0.0,6.0
6405,2024-02,0.0,0,7.0,0.0,12.0
6405,2024-03,0.0,0,4.0,1.0,2.0
6405,2024-04,1.0,0,7.0,0.0,4.0
6405,2024-05,0.0,0,5.0,0.0,7.0
6405,2024-06,4.0,0,,0.0,1.0
6405,2024-07,0.0,0,1.0,0.0,0.0
6405,2024-08,0.0,0,3.0,0.0,0.0
6405,2024-09,0.0,0,0.0,0.0,1.0
6405,2024-10,0.0,0,3.0,0.0,1.0
6405,2024-11,1.0,0,0.0,0.0,2.0
6405,2024-12,6.0,0,8.0,2.0,5.0
6906,2022-01,13.0,0,8.0,0.0,0.0
6906,2022-02,14.0,0,17.0,3.0,0.0
6906,2022-03,0.0,0,30.0,4.0,33.0
6906,2022-04,2.0,0,30.0,0.0,21.0
6906,2022-05,20.0,0,12.0,2.0,14.0
6906,2022-06,11.0,0,6.0,6.0,0.0
6906,2022-07,18.0,0,,2.0,0.0
6906,2022-08,16.0,0,22.0,6.0,44.0
6906,2022-09,6.0,0,16.0,11.0,0.0
6906,2022-10,2.0,0,,5.0,20.0
6906,2022-11,15.0,0,,10.0,59.0
6906,2022-12,8.0,0,13.0,13.0,106.0
6906,2023-01,11.0,2,,1.0,53.0
6906,2023-02,11.0,2,,5.0,38.0
6906,2023-03,4.0,2,,12.0,0.0
6906,2023-04,13.0,2,20.0,7.0,25.0
6906,2023-05,12.0,2,,8.0,21.0
6906,2023-06,13.0,2,27.0,14.0,0.0
6906,2023-07,28.0,2,18.0,7.0,16.0
6906,2023-08,22.0,2,22.0,11.0,19.0
6906,2023-09,2.0,2,4.0,15.0,13.0
6906,2023-10,14.0,2,,10.0,0.0
6906,2023-11,20.0,2,14.0,10.0,31.0
6906,2023-12,6.0,2,12.0,14.0,39.0
6906,2024-01,10.0,5,10.0,7.0,12.0
6906,2024-02,4.0,5,16.0,10.0,18.0
6906,2024-03,13.0,5,18.0,14.0,5.0
6906,2024-04,11.0,5,13.0,12.0,19.0
6906,2024-05,2.0,5,27.0,15.0,27.0
6906,2024-06,6.0,5,22.0,18.0,36.0
6906,2024-07,4.0,5,19.0,13.0,16.0
6906,2024-08,3.0,5,23.0,15.0,23.0
6906,2024-09,6.0,5,1.0,19.0,7.0
6906,2024-10,25.0,5,13.0,13.0,14.0
6906,2024-11,7.0,5,17.0,12.0,19.0
6906,2024-12,15.0,5,10.0,16.0,12.0
6073,2022-01,7.0,23,,5.0,
6073,2022-02,0.0,23,,21.0,
6073,2022-03,31.0,23,,34.0,
6073,2022-04,15.0,23,,36.0,
6073,2022-05,12.0,23,,36.0,
6073,2022-06,3.0,23,,37.0,
6073,2022-07,21.0,23,,19.0,
6073,2022-08,25.0,23,,10.0,
6073,2022-09,5.0,23,,6.0,
6073,2022-10,7.0,23,,0.0,
6073,2022-11,11.0,23,,7.0,
6073,2022-12,3.0,23,,27.0,
6073,2023-01,0.0,20,,9.0,
6073,2023-02,0.0,20,,12.0,
6073,2023-03,0.0,20,,17.0,
6073,2023-04,0.0,20,,18.0,
6073,2023-05,0.0,20,,19.0,
6073,2023-06,0.0,20,,18.0,
6073,2023-07,0.0,20,,16.0,
6073,2023-08,2.0,20,,15.0,
5873,2022-01,0.0,0,,0.0,
5873,2022-02,0.0,0,,0.0,
5873,2022-03,0.0,0,,0.0,
5873,2022-04,0.0,0,,0.0,
5873,2022-05,0.0,0,,0.0,
5873,2022-06,0.0,0,,0.0,
5873,2022-07,0.0,0,,0.0,
5873,2022-08,0.0,0,,0.0,
5873,2022-09,0.0,0,,0.0,
5873,2022-10,0.0,0,,0.0,
5873,2022-11,0.0,0,,0.0,
5873,2022-12,0.0,0,,0.0,
5873,2023-01,0.0,0,,0.0,
5873,2023-02,0.0,0,,0.0,
5873,2023-03,0.0,0,,0.0,
5873,2023-04,0.0,0,,0.0,
5873,2023-05,0.0,0,,0.0,
5873,2023-06,0.0,0,,0.0,
5873,2023-07,0.0,0,,0.0,
5873,2023-08,0.0,0,,0.0,
5873,2023-09,0.0,0,,0.0,
5873,2023-10,0.0,0,,0.0,
5873,2023-11,0.0,0,,0.0,
5873,2023-12,0.0,0,,0.0,
5873,2024-01,0.0,0,0.0,0.0,0.0
5873,2024-02,0.0,0,,0.0,0.0
5873,2024-03,0.0,0,0.0,0.0,0.0
5873,2024-04,1.0,0,0.0,0.0,0.0
5873,2024-05,1.0,0,,0.0,0.0
5873,2024-06,1.0,0,0.0,0.0,0.0
5873,2024-07,2.0,0,0.0,0.0,0.0
5873,2024-08,15.0,0,0.0,0.0,0.0
5873,2024-09,22.0,0,0.0,0.0,0.0
5873,2024-10,23.0,0,0.0,0.0,0.0
5873,2024-11,33.0,0,0.0,0.0,0.0
5873,2024-12,22.0,0,0.0,0.0,0.0
5843,2022-01,3.0,8,,8.0,6.0
5843,2022-02,3.0,8,4.0,10.0,4.0
5843,2022-03,11.0,8,,8.0,7.0
5843,2022-04,8.0,8,7.0,12.0,8.0
5843,2022-05,6.0,8,21.0,10.0,23.0
5843,2022-06,11.0,8,11.0,11.0,3.0
5843,2022-07,7.0,8,10.0,14.0,1.0
5843,2022-08,11.0,8,13.0,14.0,4.0
5843,2022-09,7.0,8,8.0,15.0,0.0
5843,2022-10,10.0,8,13.0,18.0,0.0
5843,2022-11,31.0,8,20.0,16.0,10.0
5843,2022-12,10.0,8,16.0,18.0,11.0
5843,2023-01,7.0,6,,6.0,10.0
5843,2023-02,5.0,6,,7.0,3.0
5843,2023-03,6.0,6,13.0,9.0,9.0
5843,2023-04,7.0,6,,11.0,2.0
5843,2023-05,9.0,6,,12.0,27.0
5843,2023-06,6.0,6,,13.0,5.0
5843,2023-07,5.0,6,,14.0,6.0
5843,2023-08,4.0,6,,15.0,10.0
5843,2023-09,6.0,6,,14.0,14.0
5843,2023-10,1.0,6,,15.0,32.0
5843,2023-11,11.0,6,31.0,17.0,12.0
5843,2023-12,10.0,6,14.0,15.0,12.0
5843,2024-01,11.0,0,,0.0,3.0
5843,2024-02,3.0,0,3.0,0.0,3.0
5843,2024-03,8.0,0,8.0,0.0,12.0
5843,2024-04,5.0,0,8.0,2.0,7.0
5843,2024-05,5.0,0,8.0,4.0,16.0
5843,2024-06,2.0,0,6.0,4.0,4.0
5843,2024-07,3.0,0,4.0,5.0,8.0
5843,2024-08,2.0,0,6.0,5.0,4.0
5843,2024-09,12.0,0,7.0,5.0,9.0
5843,2024-10,22.0,0,9.0,5.0,8.0
5843,2024-11,25.0,0,17.0,6.0,59.0
5843,2024-12,14.0,0,10.0,7.0,8.0
7043,2022-01,34.0,25,46.0,11.0,61.0
7043,2022-02,63.0,25,,14.0,141.0
7043,2022-03,0.0,25,91.0,11.0,82.0
7043,2022-04,46.0,25,32.0,6.0,43.0
7043,2022-05,53.0,25,48.0,8.0,68.0
7043,2022-06,31.0,25,46.0,14.0,56.0
7043,2022-07,44.0,25,58.0,13.0,56.0
7043,2022-08,68.0,25,54.0,20.0,59.0
7043,2022-09,45.0,25,82.0,29.0,159.0
7043,2022-10,47.0,25,,29.0,140.0
7043,2022-11,68.0,25,62.0,36.0,103.0
7043,2022-12,42.0,25,,44.0,6.0
7043,2023-01,35.0,30,,40.0,36.0
7043,2023-02,32.0,30,,37.0,0.0
7043,2023-03,29.0,30,57.0,50.0,166.0
7043,2023-04,48.0,30,59.0,43.0,30.0
7043,2023-05,56.0,30,67.0,44.0,42.0
7043,2023-06,35.0,30,,51.0,60.0
7043,2023-07,68.0,30,,52.0,35.0
7043,2023-08,39.0,30,68.0,52.0,55.0
7043,2023-09,44.0,30,,60.0,145.0
7043,2023-10,39.0,30,43.0,64.0,35.0
7043,2023-11,55.0,30,67.0,64.0,68.0
7043,2023-12,36.0,30,42.0,72.0,28.0
7043,2024-01,39.0,24,35.0,31.0,38.0
7043,2024-02,17.0,24,,32.0,64.0
7043,2024-03,44.0,24,42.0,33.0,32.0
7043,2024-04,35.0,24,43.0,38.0,48.0
7043,2024-05,37.0,24,55.0,38.0,57.0
7043,2024-06,30.0,24,43.0,40.0,52.0
7043,2024-07,34.0,24,56.0,43.0,11.0
7043,2024-08,44.0,24,55.0,46.0,70.0
7043,2024-09,42.0,24,56.0,47.0,57.0
7043,2024-10,50.0,24,35.0,54.0,39.0
7043,2024-11,57.0,24,51.0,54.0,68.0
7043,2024-12,42.0,24,34.0,57.0,40.0
6128,2022-01,691.0,813,935.0,592.0,842.0
6128,2022-02,610.0,813,279.0,679.0,585.0
6128,2022-03,562.0,813,679.0,731.0,731.0
6128,2022-04,673.0,813,679.0,789.0,1112.0
6128,2022-05,455.0,813,454.0,778.0,0.0
6128,2022-06,362.0,813,883.0,796.0,0.0
6128,2022-07,381.0,813,,846.0,1586.0
6128,2022-08,494.0,813,,858.0,652.0
6128,2022-09,461.0,813,823.0,873.0,106.0
6128,2022-10,743.0,813,895.0,966.0,591.0
6128,2022-11,793.0,813,,1017.0,0.0
6128,2022-12,792.0,813,1094.0,1120.0,1395.0
6128,2023-01,518.0,714,691.0,391.0,1678.0
6128,2023-02,517.0,714,,449.0,0.0
6128,2023-03,581.0,714,,487.0,1150.0
6128,2023-04,642.0,714,938.0,573.0,588.0
6128,2023-05,581.0,714,455.0,593.0,390.0
6128,2023-06,374.0,714,888.0,592.0,967.0
6128,2023-07,499.0,714,,667.0,0.0
6128,2023-08,446.0,714,549.0,657.0,518.0
6128,2023-09,325.0,714,466.0,681.0,1109.0
6128,2023-10,559.0,714,782.0,776.0,858.0
6128,2023-11,717.0,714,813.0,826.0,741.0
6128,2023-12,723.0,714,1553.0,889.0,1199.0
6128,2024-01,457.0,591,535.0,311.0,402.0
6128,2024-02,242.0,591,502.0,352.0,527.0
6128,2024-03,306.0,591,620.0,368.0,557.0
6128,2024-04,500.0,591,798.0,468.0,961.0
6128,2024-05,394.0,591,805.0,453.0,1774.0
6128,2024-06,334.0,591,457.0,438.0,531.0
6128,2024-07,327.0,591,360.0,515.0,247.0
6128,2024-08,625.0,591,388.0,510.0,456.0
6128,2024-09,546.0,591,370.0,530.0,459.0
6128,2024-10,806.0,591,480.0,658.0,709.0
6128,2024-11,820.0,591,829.0,701.0,892.0
6128,2024-12,577.0,591,1418.0,760.0,1024.0
6256,2022-01,2.0,3,15.0,0.0,24.0
6256,2022-02,1.0,3,0.0,0.0,0.0
6256,2022-03,7.0,3,10.0,0.0,10.0
6256,2022-04,1.0,3,,0.0,1.0
6256,2022-05,8.0,3,,0.0,10.0
6256,2022-06,2.0,3,4.0,0.0,5.0
6256,2022-07,1.0,3,,2.0,18.0
6256,2022-08,6.0,3,10.0,4.0,0.0
6256,2022-09,1.0,3,24.0,5.0,64.0
6256,2022-10,1.0,3,11.0,2.0,0.0
6256,2022-11,7.0,3,8.0,0.0,10.0
6256,2022-12,2.0,3,2.0,0.0,12.0
6256,2023-01,5.0,3,2.0,0.0,0.0
6256,2023-02,2.0,3,,0.0,14.0
6256,2023-03,3.0,3,7.0,0.0,8.0
6256,2023-04,1.0,3,,0.0,0.0
6256,2023-05,0.0,3,,0.0,8.0
6256,2023-06,2.0,3,2.0,4.0,8.0
6256,2023-07,3.0,3,0.0,4.0,0.0
6256,2023-08,0.0,3,1.0,6.0,18.0
6256,2023-09,1.0,3,0.0,7.0,64.0
6256,2023-10,3.0,3,,4.0,39.0
6256,2023-11,1.0,3,,1.0,9.0
6256,2023-12,1.0,3,2.0,0.0,1.0
6256,2024-01,3.0,1,5.0,0.0,4.0
6256,2024-02,0.0,1,3.0,0.0,3.0
6256,2024-03,0.0,1,8.0,0.0,14.0
6256,2024-04,2.0,1,,0.0,4.0
6256,2024-05,6.0,1,,0.0,11.0
6256,2024-06,2.0,1,5.0,2.0,6.0
6256,2024-07,1.0,1,4.0,3.0,6.0
6256,2024-08,2.0,1,5.0,5.0,7.0
6256,2024-09,8.0,1,7.0,5.0,10.0
6256,2024-10,0.0,1,7.0,2.0,11.0
6256,2024-11,4.0,1,7.0,1.0,5.0
6256,2024-12,6.0,1,2.0,0.0,1.0
5887,2022-01,33.0,51,53.0,55.0,39.0
5887,2022-02,55.0,51,46.0,71.0,108.0
5887,2022-03,44.0,51,84.0,86.0,0.0
5887,2022-04,37.0,51,57.0,99.0,97.0
5887,2022-05,40.0,51,68.0,102.0,114.0
5887,2022-06,35.0,51,68.0,98.0,37.0
5887,2022-07,30.0,51,64.0,97.0,47.0
5887,2022-08,47.0,51,96.0,90.0,90.0
5887,2022-09,61.0,51,53.0,86.0,0.0
5887,2022-10,41.0,51,,91.0,49.0
5887,2022-11,55.0,51,115.0,100.0,0.0
5887,2022-12,31.0,51,94.0,111.0,42.0
5887,2023-01,46.0,1,43.0,9.0,50.0
5887,2023-02,36.0,1,41.0,19.0,22.0
5887,2023-03,54.0,1,96.0,30.0,212.0
5887,2023-04,35.0,1,,34.0,28.0
5887,2023-05,51.0,1,,40.0,88.0
5887,2023-06,32.0,1,35.0,43.0,0.0
5887,2023-07,27.0,1,18.0,40.0,50.0
5887,2023-08,33.0,1,53.0,40.0,86.0
5887,2023-09,20.0,1,67.0,41.0,69.0
5887,2023-10,36.0,1,46.0,40.0,54.0
5887,2023-11,33.0,1,63.0,45.0,141.0
5887,2023-12,35.0,1,9.0,53.0,57.0
5887,2024-01,32.0,6,47.0,0.0,31.0
5887,2024-02,22.0,6,51.0,8.0,52.0
5887,2024-03,38.0,6,55.0,16.0,112.0
5887,2024-04,43.0,6,53.0,19.0,89.0
5887,2024-05,27.0,6,77.0,23.0,122.0
5887,2024-06,32.0,6,46.0,25.0,103.0
5887,2024-07,36.0,6,35.0,23.0,59.0
5887,2024-08,62.0,6,39.0,23.0,47.0
5887,2024-09,58.0,6,48.0,23.0,65.0
5887,2024-10,66.0,6,30.0,23.0,54.0
5887,2024-11,72.0,6,21.0,28.0,85.0
5887,2024-12,44.0,6,55.0,35.0,51.0
7419,2022-01,0.0,1,,0.0,6.0
7419,2022-02,2.0,1,2.0,1.0,3.0
7419,2022-03,2.0,1,5.0,0.0,6.0
7419,2022-04,3.0,1,1.0,2.0,1.0
7419,2022-05,3.0,1,3.0,2.0,4.0
7419,2022-06,1.0,1,0.0,2.0,0.0
7419,2022-07,2.0,1,3.0,2.0,3.0
7419,2022-08,2.0,1,3.0,2.0,0.0
7419,2022-09,0.0,1,5.0,2.0,8.0
7419,2022-10,2.0,1,4.0,2.0,8.0
7419,2022-11,2.0,1,3.0,1.0,2.0
7419,2022-12,2.0,1,0.0,0.0,0.0
7419,2023-01,2.0,1,0.0,1.0,6.0
7419,2023-02,0.0,1,0.0,1.0,0.0
7419,2023-03,1.0,1,,1.0,0.0
7419,2023-04,1.0,1,3.0,2.0,1.0
7419,2023-05,2.0,1,3.0,2.0,2.0
7419,2023-06,0.0,1,2.0,2.0,0.0
7419,2023-07,0.0,1,2.0,2.0,2.0
7419,2023-08,1.0,1,,2.0,16.0
7419,2023-09,0.0,1,2.0,1.0,0.0
7419,2023-10,2.0,1,,2.0,8.0
7419,2023-11,2.0,1,2.0,1.0,0.0
7419,2023-12,1.0,1,2.0,1.0,6.0
7419,2024-01,1.0,1,1.0,0.0,3.0
7419,2024-02,0.0,1,0.0,0.0,2.0
7419,2024-03,0.0,1,1.0,0.0,1.0
7419,2024-04,0.0,1,2.0,1.0,2.0
7419,2024-05,0.0,1,2.0,1.0,3.0
7419,2024-06,0.0,1,2.0,1.0,3.0
7419,2024-07,0.0,1,0.0,2.0,0.0
7419,2024-08,4.0,1,2.0,1.0,3.0
7419,2024-09,1.0,1,0.0,1.0,1.0
7419,2024-10,0.0,1,2.0,1.0,2.0
7419,2024-11,0.0,1,2.0,1.0,2.0
7419,2024-12,0.0,1,1.0,1.0,1.0
5923,2022-01,3.0,15,,26.0,
5923,2022-02,1.0,15,,38.0,
5923,2022-03,16.0,15,,45.0,
5923,2022-04,10.0,15,,38.0,
5923,2022-05,3.0,15,,47.0,
7210,2022-01,0.0,4,,,
7210,2022-02,11.0,4,,,
7210,2022-03,32.0,4,,,
7210,2022-04,20.0,4,,,
7210,2022-05,4.0,4,,,
7210,2022-06,7.0,4,,,
7210,2022-07,22.0,4,,,
7210,2022-08,21.0,4,,,
7210,2022-09,9.0,4,,,
7210,2022-10,9.0,4,,,
7210,2022-11,24.0,4,,,
7210,2022-12,8.0,4,,,
7210,2023-01,11.0,6,,39.0,
7210,2023-02,5.0,6,,41.0,
7210,2023-03,20.0,6,,40.0,
7210,2023-04,9.0,6,,32.0,
7210,2023-05,6.0,6,,36.0,
7210,2023-06,19.0,6,,36.0,
7210,2023-07,8.0,6,,23.0,
7210,2023-08,11.0,6,,27.0,
7210,2023-09,11.0,6,,34.0,
7210,2023-10,12.0,6,,28.0,
7210,2023-11,7.0,6,,32.0,
7210,2023-12,16.0,6,,41.0,
7210,2024-01,19.0,7,,13.0,
7210,2024-02,1.0,7,,19.0,
7210,2024-03,9.0,7,,20.0,
7210,2024-04,14.0,7,,17.0,
7210,2024-05,15.0,7,,19.0,
7210,2024-06,18.0,7,,18.0,
7210,2024-07,25.0,7,,12.0,
7210,2024-08,30.0,7,6.0,13.0,24.0
7210,2024-09,15.0,7,18.0,15.0,12.0
7210,2024-10,17.0,7,12.0,10.0,12.0
7210,2024-11,29.0,7,23.0,16.0,29.0
7210,2024-12,30.0,7,21.0,19.0,15.0
7216,2022-01,2.0,0,,,
7216,2022-02,1.0,0,,,
7216,2022-03,7.0,0,,,
7216,2022-04,8.0,0,,,
7216,2022-05,4.0,0,,,
7216,2022-06,6.0,0,,,
7216,2022-07,2.0,0,,,
7216,2022-08,6.0,0,,,
7216,2022-09,0.0,0,,,
7216,2022-10,0.0,0,,,
7216,2022-11,0.0,0,,,
7216,2022-12,6.0,0,,,
7216,2023-01,3.0,1,,10.0,
7216,2023-02,2.0,1,,12.0,
7216,2023-03,5.0,1,,13.0,
7216,2023-04,2.0,1,,13.0,
7216,2023-05,1.0,1,,11.0,
6594,2022-01,0.0,5,12.0,18.0,20.0
6594,2022-02,0.0,5,0.0,9.0,0.0
6594,2022-03,0.0,5,1.0,4.0,3.0
6594,2022-04,0.0,5,,6.0,0.0
6594,2022-05,0.0,5,3.0,1.0,22.0
6594,2022-06,0.0,5,,0.0,0.0
6594,2022-07,10.0,5,0.0,17.0,0.0
6594,2022-08,0.0,5,12.0,4.0,13.0
6594,2022-09,15.0,5,51.0,8.0,58.0
6594,2022-10,1.0,5,17.0,14.0,10.0
6594,2022-11,3.0,5,12.0,7.0,41.0
6594,2022-12,20.0,5,,4.0,69.0
6594,2023-01,16.0,0,,0.0,52.0
6594,2023-02,3.0,0,0.0,0.0,0.0
6594,2023-03,4.0,0,,0.0,3.0
6594,2023-04,0.0,0,0.0,0.0,0.0
6594,2023-05,0.0,0,,0.0,15.0
6594,2023-06,0.0,0,8.0,0.0,4.0
6594,2023-07,0.0,0,31.0,3.0,140.0
6594,2023-08,0.0,0,4.0,3.0,20.0
6594,2023-09,0.0,0,15.0,3.0,58.0
6594,2023-10,1.0,0,1.0,6.0,7.0
6594,2023-11,0.0,0,2.0,4.0,44.0
6594,2023-12,7.0,0,19.0,3.0,53.0
6594,2024-01,1.0,0,11.0,0.0,24.0
6594,2024-02,0.0,0,3.0,0.0,1.0
6594,2024-03,1.0,0,7.0,0.0,2.0
6594,2024-04,0.0,0,0.0,0.0,0.0
6594,2024-05,0.0,0,,0.0,2.0
6594,2024-06,0.0,0,0.0,0.0,2.0
6594,2024-07,1.0,0,27.0,0.0,86.0
6594,2024-08,0.0,0,1.0,0.0,8.0
6594,2024-09,0.0,0,0.0,0.0,10.0
6594,2024-10,0.0,0,6.0,4.0,20.0
6594,2024-11,28.0,0,1.0,3.0,20.0
6594,2024-12,0.0,0,6.0,2.0,31.0
7002,2022-01,8.0,3,,2.0,16.0
7002,2022-02,1.0,3,8.0,2.0,19.0
7002,2022-03,3.0,3,9.0,4.0,0.0
7002,2022-04,4.0,3,,1.0,12.0
7002,2022-05,2.0,3,,2.0,5.0
7002,2022-06,1.0,3,3.0,2.0,3.0
7002,2022-07,1.0,3,5.0,1.0,5.0
7002,2022-08,0.0,3,5.0,1.0,7.0
7002,2022-09,0.0,3,3.0,2.0,3.0
7002,2022-10,0.0,3,4.0,2.0,20.0
7002,2022-11,1.0,3,5.0,4.0,8.0
7002,2022-12,3.0,3,8.0,5.0,1.0
7002,2023-01,2.0,2,,1.0,16.0
7002,2023-02,1.0,2,1.0,1.0,0.0
7002,2023-03,1.0,2,,1.0,27.0
7002,2023-04,3.0,2,4.0,0.0,0.0
7002,2023-05,2.0,2,4.0,0.0,22.0
7002,2023-06,0.0,2,1.0,0.0,6.0
7002,2023-07,1.0,2,1.0,0.0,6.0
7002,2023-08,4.0,2,0.0,0.0,7.0
7002,2023-09,1.0,2,0.0,0.0,0.0
7002,2023-10,1.0,2,0.0,0.0,20.0
7002,2023-11,3.0,2,0.0,1.0,5.0
7002,2023-12,0.0,2,4.0,2.0,18.0
7002,2024-01,1.0,1,6.0,2.0,8.0
7002,2024-02,1.0,1,3.0,2.0,2.0
7002,2024-03,0.0,1,3.0,2.0,6.0
7002,2024-04,1.0,1,4.0,1.0,4.0
7002,2024-05,0.0,1,3.0,0.0,0.0
7002,2024-06,0.0,1,0.0,0.0,5.0
7002,2024-07,0.0,1,3.0,0.0,11.0
7002,2024-08,0.0,1,4.0,0.0,1.0
7002,2024-09,0.0,1,1.0,1.0,3.0
7002,2024-10,0.0,1,2.0,1.0,3.0
7002,2024-11,2.0,1,4.0,2.0,6.0
7002,2024-12,0.0,1,0.0,3.0,2.0
6409,2022-01,234.0,239,,,
6409,2022-02,239.0,239,,,
6409,2022-03,176.0,239,,,
6409,2022-04,312.0,239,,,
6409,2022-05,745.0,239,,,
6409,2022-06,648.0,239,,,
6409,2022-07,1356.0,239,,,
6409,2022-08,732.0,239,,,
6409,2022-09,734.0,239,,,
6409,2022-10,509.0,239,,,
6409,2022-11,447.0,239,,,
6409,2022-12,386.0,239,,,
6409,2023-01,282.0,0,,371.0,
6409,2023-02,78.0,0,,478.0,
6409,2023-03,240.0,0,,565.0,
6409,2023-04,293.0,0,,915.0,
6409,2023-05,50.0,0,,1055.0,
6409,2023-06,0.0,0,,972.0,
6409,2023-07,0.0,0,,1300.0,
6409,2023-08,0.0,0,,969.0,
6409,2023-09,0.0,0,,819.0,
6409,2023-10,0.0,0,,873.0,
6409,2023-11,0.0,0,,796.0,
6409,2023-12,188.0,0,,787.0,
6409,2024-01,127.0,0,,0.0,
6409,2024-02,80.0,0,,52.0,
6409,2024-03,188.0,0,,169.0,
6409,2024-04,0.0,0,,421.0,
6409,2024-05,7.0,0,124.0,402.0,915.0
6409,2024-06,0.0,0,535.0,332.0,368.0
6409,2024-07,47.0,0,440.0,400.0,0.0
6024,2022-01,228.0,328,,569.0,
6024,2022-02,187.0,328,,531.0,
6024,2022-03,101.0,328,,680.0,
6024,2022-04,102.0,328,,306.0,
6024,2022-05,64.0,328,,218.0,
6024,2022-06,307.0,328,,0.0,
6024,2022-07,573.0,328,,0.0,
6024,2022-08,386.0,328,,0.0,
6024,2022-09,531.0,328,,0.0,
6024,2022-10,136.0,328,,0.0,
6024,2022-11,644.0,328,,145.0,
6024,2022-12,345.0,328,,342.0,
6024,2023-01,333.0,327,,371.0,
6024,2023-02,360.0,327,,410.0,
6024,2023-03,164.0,327,,469.0,
6024,2023-04,62.0,327,,411.0,
6024,2023-05,187.0,327,,487.0,
6024,2023-06,229.0,327,,514.0,
6024,2023-07,299.0,327,,422.0,
6024,2023-08,169.0,327,,523.0,
6024,2023-09,73.0,327,,548.0,
6024,2023-10,181.0,327,,549.0,
6024,2023-11,65.0,327,493.0,480.0,945.0
6024,2023-12,40.0,327,,559.0,586.0
6024,2024-01,72.0,68,276.0,38.0,294.0
6024,2024-02,10.0,68,380.0,59.0,112.0
6024,2024-03,10.0,68,270.0,115.0,378.0
6024,2024-04,88.0,68,54.0,89.0,40.0
6024,2024-05,134.0,68,234.0,141.0,341.0
6024,2024-06,20.0,68,281.0,202.0,301.0
6024,2024-07,43.0,68,214.0,168.0,0.0
6024,2024-08,10.0,68,249.0,229.0,96.0
6024,2024-09,53.0,68,533.0,271.0,336.0
6024,2024-10,40.0,68,225.0,192.0,438.0
6024,2024-11,11.0,68,,211.0,1288.0
6024,2024-12,82.0,68,,219.0,792.0
6425,2022-01,12.0,26,,17.0,24.0
6425,2022-02,1.0,26,8.0,19.0,0.0
6425,2022-03,12.0,26,27.0,10.0,0.0
6425,2022-04,18.0,26,12.0,15.0,11.0
6425,2022-05,10.0,26,,15.0,9.0
6425,2022-06,11.0,26,,17.0,12.0
6425,2022-07,9.0,26,21.0,20.0,28.0
6425,2022-08,1.0,26,,21.0,23.0
6425,2022-09,7.0,26,18.0,23.0,1.0
6425,2022-10,13.0,26,20.0,24.0,24.0
6425,2022-11,7.0,26,30.0,20.0,3.0
6425,2022-12,7.0,26,,23.0,0.0
6425,2023-01,6.0,9,,10.0,20.0
6425,2023-02,7.0,9,,10.0,38.0
6425,2023-03,9.0,9,27.0,8.0,0.0
6425,2023-04,3.0,9,,9.0,8.0
6425,2023-05,5.0,9,,10.0,18.0
6425,2023-06,4.0,9,,10.0,22.0
6425,2023-07,5.0,9,9.0,14.0,28.0
6425,2023-08,4.0,9,,15.0,4.0
6425,2023-09,4.0,9,,14.0,19.0
6425,2023-10,8.0,9,11.0,16.0,13.0
6425,2023-11,16.0,9,0.0,16.0,34.0
6425,2023-12,5.0,9,9.0,15.0,70.0
6425,2024-01,2.0,8,6.0,8.0,4.0
6425,2024-02,3.0,8,7.0,7.0,13.0
6425,2024-03,10.0,8,15.0,6.0,60.0
6425,2024-04,16.0,8,21.0,8.0,29.0
6425,2024-05,17.0,8,14.0,8.0,14.0
6425,2024-06,4.0,8,5.0,8.0,0.0
6425,2024-07,6.0,8,7.0,11.0,2.0
6425,2024-08,5.0,8,7.0,11.0,52.0
6425,2024-09,11.0,8,,11.0,4.0
6425,2024-10,3.0,8,6.0,13.0,6.0
6425,2024-11,9.0,8,18.0,11.0,39.0
6425,2024-12,20.0,8,8.0,12.0,10.0
6389,2022-01,24.0,29,36.0,22.0,58.0
6389,2022-02,9.0,29,,17.0,9.0
6389,2022-03,13.0,29,5.0,16.0,0.0
6389,2022-04,11.0,29,0.0,21.0,0.0
6389,2022-05,12.0,29,33.0,23.0,46.0
6389,2022-06,7.0,29,25.0,23.0,44.0
6389,2022-07,4.0,29,30.0,27.0,36.0
6389,2022-08,13.0,29,,24.0,24.0
6389,2022-09,5.0,29,19.0,23.0,30.0
6389,2022-10,12.0,29,25.0,26.0,33.0
6389,2022-11,22.0,29,26.0,26.0,0.0
6389,2022-12,15.0,29,,23.0,34.0
6389,2023-01,6.0,18,,13.0,58.0
6389,2023-02,1.0,18,,8.0,26.0
6389,2023-03,8.0,18,13.0,9.0,14.0
6389,2023-04,8.0,18,,11.0,0.0
6389,2023-05,6.0,18,16.0,12.0,0.0
6389,2023-06,6.0,18,15.0,11.0,44.0
6389,2023-07,5.0,18,,13.0,46.0
6389,2023-08,9.0,18,14.0,16.0,10.0
6389,2023-09,9.0,18,12.0,13.0,32.0
6389,2023-10,6.0,18,12.0,16.0,0.0
6389,2023-11,6.0,18,20.0,17.0,0.0
6389,2023-12,11.0,18,14.0,13.0,13.0
6389,2024-01,7.0,8,7.0,5.0,9.0
6389,2024-02,4.0,8,1.0,3.0,0.0
6389,2024-03,4.0,8,8.0,5.0,8.0
6389,2024-04,4.0,8,8.0,8.0,10.0
6389,2024-05,2.0,8,7.0,8.0,25.0
6389,2024-06,3.0,8,6.0,9.0,19.0
6389,2024-07,7.0,8,6.0,12.0,30.0
6389,2024-08,16.0,8,12.0,12.0,9.0
6389,2024-09,7.0,8,8.0,12.0,14.0
6389,2024-10,16.0,8,7.0,12.0,25.0
6389,2024-11,20.0,8,0.0,11.0,6.0
6389,2024-12,10.0,8,11.0,11.0,13.0
609221,2022-01,0.0,0,,,
609221,2022-02,0.0,0,,,
609221,2022-03,0.0,0,,,
609221,2022-04,0.0,0,,,
609221,2022-05,0.0,0,,,
609221,2022-06,0.0,0,,,
609221,2022-07,0.0,0,,,
609221,2022-08,0.0,0,,,
609221,2022-09,0.0,0,,,
609221,2022-10,0.0,0,,,
609221,2022-11,0.0,0,,,
609221,2022-12,0.0,0,,,
609221,2023-01,0.0,0,,0.0,
609221,2023-02,0.0,0,,0.0,
609221,2023-03,0.0,0,,0.0,
609221,2023-04,0.0,0,,0.0,
609221,2023-05,0.0,0,,0.0,
609221,2023-06,0.0,0,,0.0,
609221,2023-07,0.0,0,,0.0,
609221,2023-08,0.0,0,,0.0,
609221,2023-09,0.0,0,,0.0,
609221,2023-10,0.0,0,,0.0,
609221,2023-11,0.0,0,,0.0,
609221,2023-12,0.0,0,,0.0,
609221,2024-01,0.0,0,,0.0,
609221,2024-02,0.0,0,,0.0,
609221,2024-03,0.0,0,,0.0,
609221,2024-04,0.0,0,,0.0,
609221,2024-05,0.0,0,,0.0,
609221,2024-06,0.0,0,,0.0,
609221,2024-07,0.0,0,,0.0,
609221,2024-08,1.0,0,,0.0,
609221,2024-09,0.0,0,,0.0,
609221,2024-10,9.0,0,,0.0,
609221,2024-11,4.0,0,0.0,0.0,0.0
609221,2024-12,11.0,0,0.0,0.0,0.0
7022,2022-01,61.0,19,,16.0,
7022,2022-02,47.0,19,81.0,30.0,206.0
7022,2022-03,37.0,19,,26.0,79.0
7022,2022-04,66.0,19,84.0,44.0,130.0
7022,2022-05,42.0,19,76.0,47.0,174.0
7022,2022-06,38.0,19,66.0,39.0,77.0
7022,2022-07,36.0,19,63.0,53.0,39.0
7022,2022-08,11.0,19,44.0,40.0,28.0
7022,2022-09,0.0,19,42.0,55.0,70.0
7022,2022-10,28.0,19,162.0,77.0,257.0
7022,2022-11,44.0,19,73.0,61.0,0.0
7022,2022-12,37.0,19,,76.0,0.0
7022,2023-01,47.0,14,,9.0,72.0
7022,2023-02,21.0,14,52.0,18.0,206.0
7022,2023-03,30.0,14,84.0,21.0,34.0
7022,2023-04,41.0,14,,30.0,88.0
7022,2023-05,17.0,14,,26.0,98.0
7022,2023-06,17.0,14,38.0,17.0,149.0
7022,2023-07,24.0,14,,24.0,59.0
7022,2023-08,42.0,14,,21.0,0.0
7022,2023-09,26.0,14,,20.0,0.0
7022,2023-10,38.0,14,28.0,34.0,290.0
7022,2023-11,53.0,14,32.0,38.0,0.0
7022,2023-12,28.0,14,37.0,48.0,85.0
7022,2024-01,47.0,27,47.0,24.0,42.0
7022,2024-02,19.0,27,,29.0,32.0
7022,2024-03,24.0,27,47.0,26.0,0.0
7022,2024-04,64.0,27,46.0,37.0,105.0
7022,2024-05,39.0,27,23.0,33.0,92.0
7022,2024-06,37.0,27,19.0,24.0,32.0
7022,2024-07,38.0,27,,32.0,48.0
7022,2024-08,53.0,27,57.0,23.0,193.0
7022,2024-09,28.0,27,31.0,22.0,45.0
7022,2024-10,59.0,27,36.0,39.0,70.0
7022,2024-11,121.0,27,59.0,40.0,96.0
7022,2024-12,84.0,27,,48.0,69.0
5877,2022-01,8.0,12,12.0,14.0,16.0
5877,2022-02,15.0,12,2.0,13.0,14.0
5877,2022-03,5.0,12,1.0,12.0,3.0
5877,2022-04,8.0,12,4.0,11.0,0.0
5877,2022-05,4.0,12,4.0,11.0,4.0
5877,2022-06,2.0,12,4.0,11.0,3.0
5877,2022-07,3.0,12,2.0,12.0,0.0
5877,2022-08,4.0,12,9.0,13.0,8.0
5877,2022-09,3.0,12,19.0,14.0,20.0
5877,2022-10,14.0,12,16.0,14.0,24.0
5877,2022-11,5.0,12,16.0,14.0,4.0
5877,2022-12,9.0,12,14.0,13.0,9.0
5877,2023-01,4.0,9,8.0,8.0,10.0
5877,2023-02,5.0,9,15.0,5.0,0.0
5877,2023-03,2.0,9,5.0,6.0,5.0
5877,2023-04,1.0,9,8.0,5.0,13.0
5877,2023-05,5.0,9,4.0,6.0,4.0
5877,2023-06,1.0,9,2.0,6.0,0.0
5877,2023-07,7.0,9,4.0,8.0,14.0
5877,2023-08,2.0,9,4.0,9.0,2.0
5877,2023-09,3.0,9,,10.0,28.0
5877,2023-10,1.0,9,14.0,9.0,6.0
5877,2023-11,3.0,9,8.0,11.0,11.0
5877,2023-12,1.0,9,7.0,9.0,3.0
5877,2024-01,4.0,3,,3.0,8.0
5877,2024-02,5.0,3,13.0,1.0,0.0
5877,2024-03,4.0,3,6.0,1.0,6.0
5877,2024-04,4.0,3,7.0,1.0,7.0
5877,2024-05,2.0,3,3.0,0.0,7.0
5877,2024-06,3.0,3,3.0,1.0,7.0
5877,2024-07,3.0,3,4.0,3.0,3.0
5877,2024-08,4.0,3,4.0,4.0,12.0
5877,2024-09,0.0,3,4.0,4.0,21.0
5877,2024-10,6.0,3,8.0,6.0,0.0
5877,2024-11,9.0,3,4.0,6.0,6.0
5877,2024-12,3.0,3,0.0,5.0,0.0
7047,2022-01,5.0,9,,10.0,
7047,2022-02,4.0,9,6.0,11.0,12.0
7047,2022-03,7.0,9,5.0,10.0,8.0
7047,2022-04,2.0,9,5.0,9.0,4.0
7047,2022-05,9.0,9,6.0,9.0,0.0
7047,2022-06,8.0,9,9.0,11.0,4.0
7047,2022-07,9.0,9,4.0,11.0,5.0
7047,2022-08,7.0,9,11.0,12.0,0.0
7047,2022-09,8.0,9,8.0,14.0,14.0
7047,2022-10,6.0,9,9.0,11.0,10.0
7047,2022-11,5.0,9,8.0,11.0,0.0
7047,2022-12,8.0,9,2.0,10.0,6.0
7047,2023-01,4.0,7,5.0,7.0,8.0
7047,2023-02,9.0,7,4.0,7.0,0.0
7047,2023-03,5.0,7,,7.0,6.0
7047,2023-04,3.0,7,2.0,6.0,5.0
7047,2023-05,6.0,7,9.0,8.0,0.0
7047,2023-06,11.0,7,8.0,10.0,5.0
7047,2023-07,5.0,7,8.0,9.0,0.0
7047,2023-08,5.0,7,,10.0,2.0
7047,2023-09,3.0,7,,11.0,24.0
7047,2023-10,9.0,7,8.0,9.0,9.0
7047,2023-11,6.0,7,5.0,9.0,6.0
7047,2023-12,3.0,7,8.0,9.0,0.0
7047,2024-01,4.0,5,,5.0,13.0
7047,2024-02,3.0,5,5.0,5.0,2.0
7047,2024-03,5.0,5,5.0,6.0,5.0
7047,2024-04,9.0,5,3.0,5.0,7.0
7047,2024-05,4.0,5,6.0,6.0,6.0
7047,2024-06,7.0,5,11.0,8.0,6.0
7047,2024-07,2.0,5,6.0,7.0,3.0
7047,2024-08,7.0,5,5.0,9.0,9.0
7047,2024-09,1.0,5,,10.0,7.0
7047,2024-10,5.0,5,7.0,7.0,9.0
7047,2024-11,7.0,5,6.0,7.0,10.0
7047,2024-12,11.0,5,8.0,7.0,13.0
6025,2022-01,0.0,26,,38.0,
6025,2022-02,0.0,26,,25.0,
6025,2022-03,0.0,26,,53.0,
6025,2022-04,0.0,26,,191.0,
6025,2022-05,0.0,26,,247.0,
6025,2022-06,0.0,26,,303.0,
6025,2022-07,0.0,26,,442.0,
6025,2022-08,0.0,26,,402.0,
6025,2022-09,0.0,26,,238.0,
6025,2022-10,0.0,26,,350.0,
6025,2022-11,0.0,26,,135.0,
6025,2022-12,0.0,26,,0.0,
6025,2023-01,0.0,0,,0.0,
6025,2023-02,0.0,0,,0.0,
6025,2023-03,0.0,0,,0.0,
6025,2023-04,0.0,0,,0.0,
6025,2023-05,0.0,0,48.0,0.0,60.0
6025,2023-06,0.0,0,48.0,0.0,10.0
6025,2023-07,0.0,0,,52.0,380.0
6025,2023-08,0.0,0,120.0,19.0,267.0
6025,2023-09,0.0,0,30.0,0.0,23.0
6025,2023-10,0.0,0,324.0,24.0,0.0
6025,2023-11,0.0,0,184.0,0.0,246.0
6025,2023-12,0.0,0,38.0,0.0,0.0
6025,2024-01,0.0,0,0.0,0.0,0.0
6025,2024-02,0.0,0,0.0,0.0,0.0
6025,2024-03,0.0,0,0.0,0.0,0.0
6025,2024-04,0.0,0,0.0,0.0,0.0
6025,2024-05,0.0,0,,0.0,39.0
6025,2024-06,0.0,0,,0.0,0.0
6025,2024-07,0.0,0,0.0,70.0,0.0
6025,2024-08,0.0,0,35.0,44.0,279.0
6025,2024-09,0.0,0,,7.0,18.0
6025,2024-10,0.0,0,,56.0,766.0
6025,2024-11,0.0,0,,7.0,179.0
6025,2024-12,10.0,0,,0.0,0.0
6635,2022-01,3.0,17,36.0,0.0,0.0
6635,2022-02,16.0,17,2.0,0.0,0.0
6635,2022-03,6.0,17,33.0,7.0,0.0
6635,2022-04,0.0,17,3.0,0.0,0.0
6635,2022-05,4.0,17,61.0,13.0,110.0
6635,2022-06,4.0,17,27.0,0.0,27.0
6635,2022-07,4.0,17,1.0,0.0,0.0
6635,2022-08,6.0,17,37.0,0.0,50.0
6635,2022-09,1.0,17,21.0,0.0,26.0
6635,2022-10,10.0,17,5.0,0.0,0.0
6635,2022-11,6.0,17,18.0,0.0,0.0
6635,2022-12,15.0,17,3.0,0.0,0.0
6635,2023-01,5.0,11,,13.0,66.0
6635,2023-02,6.0,11,10.0,13.0,0.0
6635,2023-03,0.0,11,,14.0,88.0
6635,2023-04,0.0,11,5.0,10.0,11.0
6635,2023-05,9.0,11,4.0,10.0,0.0
6635,2023-06,3.0,11,4.0,11.0,0.0
6635,2023-07,4.0,11,4.0,8.0,0.0
6635,2023-08,2.0,11,,11.0,0.0
6635,2023-09,2.0,11,7.0,13.0,0.0
6635,2023-10,11.0,11,6.0,12.0,2.0
6635,2023-11,1.0,11,7.0,15.0,32.0
6635,2023-12,19.0,11,8.0,17.0,18.0
6635,2024-01,3.0,10,8.0,9.0,58.0
6635,2024-02,1.0,10,13.0,10.0,32.0
6635,2024-03,0.0,10,8.0,10.0,56.0
6635,2024-04,9.0,10,2.0,8.0,0.0
6635,2024-05,2.0,10,11.0,8.0,65.0
6635,2024-06,13.0,10,4.0,9.0,19.0
6635,2024-07,1.0,10,4.0,7.0,2.0
6635,2024-08,4.0,10,5.0,9.0,27.0
6635,2024-09,21.0,10,3.0,11.0,26.0
6635,2024-10,1.0,10,10.0,11.0,2.0
6635,2024-11,9.0,10,5.0,13.0,8.0
6635,2024-12,8.0,10,12.0,15.0,2.0
6438,2022-01,41.0,68,91.0,69.0,185.0
6438,2022-02,8.0,68,,70.0,80.0
6438,2022-03,72.0,68,,69.0,51.0
6438,2022-04,29.0,68,0.0,69.0,0.0
6438,2022-05,38.0,68,39.0,69.0,2.0
6438,2022-06,28.0,68,80.0,69.0,0.0
6438,2022-07,34.0,68,63.0,72.0,79.0
6438,2022-08,37.0,68,67.0,75.0,222.0
6438,2022-09,37.0,68,,79.0,0.0
6438,2022-10,0.0,68,35.0,84.0,48.0
6438,2022-11,21.0,68,,86.0,0.0
6438,2022-12,28.0,68,56.0,89.0,132.0
6438,2023-01,14.0,28,41.0,19.0,0.0
6438,2023-02,15.0,28,8.0,21.0,25.0
6438,2023-03,52.0,28,,24.0,12.0
6438,2023-04,26.0,28,,20.0,0.0
6438,2023-05,26.0,28,44.0,25.0,66.0
6438,2023-06,24.0,28,28.0,30.0,0.0
6438,2023-07,4.0,28,,28.0,101.0
6438,2023-08,7.0,28,51.0,32.0,0.0
6438,2023-09,2.0,28,37.0,37.0,58.0
6438,2023-10,11.0,28,33.0,34.0,42.0
6438,2023-11,60.0,28,86.0,37.0,100.0
6438,2023-12,69.0,28,48.0,39.0,52.0
6438,2024-01,9.0,40,,19.0,44.0
6438,2024-02,1.0,40,15.0,24.0,28.0
6438,2024-03,21.0,40,,29.0,44.0
6438,2024-04,14.0,40,30.0,23.0,27.0
6438,2024-05,10.0,40,40.0,25.0,27.0
6438,2024-06,11.0,40,35.0,28.0,101.0
6438,2024-07,6.0,40,,23.0,6.0
6438,2024-08,25.0,40,,28.0,32.0
6438,2024-09,31.0,40,37.0,34.0,37.0
6438,2024-10,12.0,40,8.0,32.0,37.0
6438,2024-11,63.0,40,53.0,40.0,48.0
6438,2024-12,53.0,40,52.0,48.0,57.0
6200,2022-01,6.0,26,25.0,22.0,198.0
6200,2022-02,6.0,26,9.0,20.0,15.0
6200,2022-03,11.0,26,14.0,17.0,0.0
6200,2022-04,7.0,26,5.0,7.0,0.0
6200,2022-05,16.0,26,11.0,6.0,15.0
6200,2022-06,11.0,26,10.0,6.0,0.0
6200,2022-07,7.0,26,12.0,7.0,4.0
6200,2022-08,7.0,26,11.0,13.0,6.0
6200,2022-09,12.0,26,3.0,24.0,7.0
6200,2022-10,1.0,26,10.0,29.0,6.0
6200,2022-11,8.0,26,22.0,34.0,0.0
6200,2022-12,30.0,26,44.0,35.0,50.0
6200,2023-01,20.0,18,,11.0,187.0
6200,2023-02,3.0,18,,12.0,12.0
6200,2023-03,3.0,18,,10.0,42.0
6200,2023-04,5.0,18,15.0,4.0,0.0
6200,2023-05,7.0,18,,1.0,9.0
6200,2023-06,16.0,18,,2.0,3.0
6200,2023-07,28.0,18,,2.0,20.0
6200,2023-08,4.0,18,,7.0,11.0
6200,2023-09,2.0,18,30.0,14.0,2.0
6200,2023-10,0.0,18,11.0,21.0,12.0
6200,2023-11,17.0,18,10.0,28.0,36.0
6200,2023-12,14.0,18,30.0,30.0,34.0
6200,2024-01,0.0,17,20.0,7.0,31.0
6200,2024-02,1.0,17,8.0,10.0,10.0
6200,2024-03,14.0,17,12.0,10.0,13.0
6200,2024-04,29.0,17,8.0,6.0,27.0
6200,2024-05,8.0,17,14.0,4.0,15.0
6200,2024-06,0.0,17,17.0,2.0,7.0
6200,2024-07,2.0,17,6.0,0.0,0.0
6200,2024-08,2.0,17,9.0,7.0,12.0
6200,2024-09,0.0,17,0.0,13.0,9.0
6200,2024-10,0.0,17,0.0,18.0,4.0
6200,2024-11,0.0,17,19.0,22.0,29.0
6200,2024-12,0.0,17,24.0,28.0,36.0
7009,2022-01,0.0,0,,0.0,
7009,2022-02,3.0,0,,0.0,
7009,2022-03,4.0,0,,0.0,
7009,2022-04,0.0,0,,0.0,
7009,2022-05,1.0,0,,1.0,
7009,2022-06,1.0,0,,0.0,
7009,2022-07,1.0,0,,0.0,
7009,2022-08,3.0,0,,0.0,
7009,2022-09,1.0,0,,1.0,0.0
7009,2022-10,2.0,0,5.0,0.0,12.0
7009,2022-11,3.0,0,2.0,1.0,11.0
7009,2022-12,3.0,0,2.0,2.0,15.0
7009,2023-01,0.0,0,1.0,2.0,1.0
7009,2023-02,0.0,0,4.0,2.0,10.0
7009,2023-03,0.0,0,4.0,2.0,4.0
7009,2023-04,0.0,0,2.0,2.0,8.0
7009,2023-05,0.0,0,,2.0,0.0
7009,2023-06,0.0,0,0.0,2.0,1.0
7009,2023-07,0.0,0,,2.0,0.0
7009,2023-08,0.0,0,3.0,2.0,2.0
7009,2023-09,0.0,0,1.0,2.0,11.0
7009,2023-10,0.0,0,3.0,2.0,4.0
7009,2023-11,0.0,0,,3.0,5.0
7009,2023-12,0.0,0,,3.0,11.0
7009,2024-01,0.0,0,0.0,0.0,3.0
7009,2024-02,0.0,0,0.0,0.0,7.0
7009,2024-03,0.0,0,1.0,0.0,6.0
7009,2024-04,0.0,0,0.0,0.0,8.0
7009,2024-05,0.0,0,0.0,0.0,0.0
7009,2024-06,0.0,0,,0.0,1.0
7009,2024-07,0.0,0,0.0,0.0,8.0
7009,2024-08,0.0,0,,0.0,5.0
7009,2024-09,0.0,0,0.0,0.0,3.0
7009,2024-10,0.0,0,1.0,0.0,4.0
7009,2024-11,0.0,0,0.0,0.0,1.0
7009,2024-12,4.0,0,0.0,1.0,3.0
6851,2022-01,0.0,0,1.0,3.0,1.0
6851,2022-02,0.0,0,3.0,2.0,6.0
6851,2022-03,0.0,0,0.0,2.0,0.0
6851,2022-04,0.0,0,6.0,6.0,1.0
6851,2022-05,8.0,0,0.0,5.0,4.0
6851,2022-06,0.0,0,0.0,3.0,1.0
6851,2022-07,3.0,0,3.0,5.0,5.0
6851,2022-08,0.0,0,,3.0,0.0
6851,2022-09,3.0,0,0.0,1.0,6.0
6851,2022-10,7.0,0,,5.0,7.0
6851,2022-11,0.0,0,8.0,3.0,20.0
6851,2022-12,2.0,0,1.0,3.0,6.0
6851,2023-01,0.0,0,0.0,2.0,0.0
6851,2023-02,0.0,0,0.0,2.0,6.0
6851,2023-03,5.0,0,,2.0,0.0
6851,2023-04,0.0,0,5.0,6.0,12.0
6851,2023-05,5.0,0,6.0,4.0,16.0
6851,2023-06,6.0,0,0.0,3.0,1.0
6851,2023-07,1.0,0,,5.0,2.0
6851,2023-08,1.0,0,0.0,3.0,0.0
6851,2023-09,0.0,0,0.0,1.0,1.0
6851,2023-10,0.0,0,5.0,4.0,4.0
6851,2023-11,0.0,0,5.0,4.0,5.0
6851,2023-12,1.0,0,1.0,3.0,0.0
6851,2024-01,1.0,0,0.0,0.0,0.0
6851,2024-02,0.0,0,1.0,0.0,1.0
6851,2024-03,0.0,0,4.0,0.0,10.0
6851,2024-04,3.0,0,3.0,3.0,5.0
6851,2024-05,1.0,0,5.0,1.0,0.0
6851,2024-06,2.0,0,15.0,0.0,4.0
6851,2024-07,0.0,0,2.0,2.0,1.0
6851,2024-08,2.0,0,,0.0,0.0
6851,2024-09,10.0,0,1.0,0.0,0.0
6851,2024-10,2.0,0,5.0,1.0,2.0
6851,2024-11,2.0,0,4.0,1.0,12.0
6851,2024-12,2.0,0,1.0,1.0,0.0
6328,2022-01,20.0,14,,22.0,16.0
6328,2022-02,17.0,14,8.0,20.0,3.0
6328,2022-03,7.0,14,13.0,19.0,0.0
6328,2022-04,16.0,14,,22.0,0.0
6328,2022-05,7.0,14,26.0,20.0,0.0
6328,2022-06,11.0,14,18.0,22.0,31.0
6328,2022-07,8.0,14,20.0,26.0,21.0
6328,2022-08,23.0,14,18.0,26.0,0.0
6328,2022-09,10.0,14,,25.0,0.0
6328,2022-10,25.0,14,30.0,27.0,0.0
6328,2022-11,35.0,14,33.0,26.0,29.0
6328,2022-12,30.0,14,24.0,26.0,0.0
6328,2023-01,14.0,19,9.0,17.0,0.0
6328,2023-02,11.0,19,,17.0,0.0
6328,2023-03,6.0,19,7.0,17.0,12.0
6328,2023-04,14.0,19,18.0,22.0,38.0
6328,2023-05,17.0,19,7.0,23.0,58.0
6328,2023-06,12.0,19,11.0,22.0,0.0
6328,2023-07,18.0,19,,27.0,0.0
6328,2023-08,7.0,19,21.0,25.0,12.0
6328,2023-09,19.0,19,12.0,25.0,16.0
6328,2023-10,19.0,19,26.0,28.0,15.0
6328,2023-11,11.0,19,35.0,25.0,20.0
6328,2023-12,11.0,19,31.0,25.0,19.0
6328,2024-01,8.0,3,11.0,3.0,40.0
6328,2024-02,5.0,3,14.0,3.0,17.0
6328,2024-03,14.0,3,10.0,3.0,9.0
6328,2024-04,17.0,3,14.0,8.0,10.0
6328,2024-05,15.0,3,13.0,7.0,20.0
6328,2024-06,12.0,3,14.0,8.0,13.0
6328,2024-07,16.0,3,11.0,12.0,15.0
6328,2024-08,23.0,3,15.0,13.0,20.0
6328,2024-09,13.0,3,15.0,10.0,22.0
6328,2024-10,18.0,3,17.0,14.0,25.0
6328,2024-11,31.0,3,0.0,14.0,12.0
6328,2024-12,17.0,3,9.0,12.0,6.0
5856,2022-01,43.0,44,,39.0,70.0
5856,2022-02,33.0,44,38.0,43.0,38.0
5856,2022-03,23.0,44,78.0,38.0,54.0
5856,2022-04,36.0,44,40.0,39.0,53.0
5856,2022-05,27.0,44,62.0,33.0,0.0
5856,2022-06,34.0,44,56.0,45.0,15.0
5856,2022-07,33.0,44,63.0,54.0,41.0
5856,2022-08,31.0,44,73.0,60.0,198.0
5856,2022-09,48.0,44,53.0,55.0,194.0
5856,2022-10,44.0,44,55.0,66.0,0.0
5856,2022-11,39.0,44,64.0,62.0,30.0
5856,2022-12,25.0,44,68.0,63.0,0.0
5856,2023-01,29.0,7,,10.0,63.0
5856,2023-02,29.0,7,,17.0,41.0
5856,2023-03,30.0,7,23.0,24.0,0.0
5856,2023-04,9.0,7,,29.0,35.0
5856,2023-05,26.0,7,,35.0,26.0
5856,2023-06,21.0,7,34.0,34.0,0.0
5856,2023-07,19.0,7,,40.0,0.0
5856,2023-08,28.0,7,42.0,40.0,146.0
5856,2023-09,20.0,7,,34.0,84.0
5856,2023-10,21.0,7,,40.0,117.0
5856,2023-11,28.0,7,37.0,42.0,48.0
5856,2023-12,26.0,7,29.0,49.0,133.0
5856,2024-01,21.0,10,,2.0,38.0
5856,2024-02,16.0,10,36.0,5.0,39.0
5856,2024-03,17.0,10,37.0,8.0,95.0
5856,2024-04,29.0,10,43.0,20.0,110.0
5856,2024-05,25.0,10,51.0,18.0,190.0
5856,2024-06,30.0,10,37.0,22.0,86.0
5856,2024-07,27.0,10,20.0,27.0,53.0
5856,2024-08,49.0,10,39.0,25.0,46.0
5856,2024-09,46.0,10,37.0,28.0,39.0
5856,2024-10,63.0,10,45.0,31.0,45.0
5856,2024-11,49.0,10,24.0,29.0,26.0
5856,2024-12,46.0,10,23.0,31.0,51.0
7423,2022-01,26.0,27,20.0,26.0,0.0
7423,2022-02,21.0,27,11.0,28.0,5.0
7423,2022-03,17.0,27,42.0,25.0,39.0
7423,2022-04,17.0,27,15.0,28.0,10.0
7423,2022-05,22.0,27,30.0,25.0,21.0
7423,2022-06,21.0,27,,28.0,16.0
7423,2022-07,13.0,27,18.0,27.0,0.0
7423,2022-08,19.0,27,28.0,27.0,0.0
7423,2022-09,17.0,27,21.0,29.0,0.0
7423,2022-10,21.0,27,23.0,26.0,2.0
7423,2022-11,19.0,27,24.0,25.0,19.0
7423,2022-12,23.0,27,,25.0,48.0
7423,2023-01,22.0,20,29.0,20.0,6.0
7423,2023-02,14.0,20,18.0,21.0,0.0
7423,2023-03,19.0,20,,23.0,56.0
7423,2023-04,14.0,20,8.0,21.0,7.0
7423,2023-05,16.0,20,,22.0,12.0
7423,2023-06,6.0,20,23.0,24.0,23.0
7423,2023-07,8.0,20,13.0,25.0,11.0
7423,2023-08,13.0,20,19.0,25.0,14.0
7423,2023-09,18.0,20,17.0,26.0,11.0
7423,2023-10,14.0,20,18.0,23.0,5.0
7423,2023-11,14.0,20,,23.0,17.0
7423,2023-12,21.0,20,18.0,22.0,0.0
7423,2024-01,9.0,16,20.0,15.0,20.0
7423,2024-02,9.0,16,18.0,16.0,12.0
7423,2024-03,11.0,16,18.0,15.0,19.0
7423,2024-04,15.0,16,13.0,14.0,10.0
7423,2024-05,13.0,16,17.0,15.0,16.0
7423,2024-06,7.0,16,12.0,18.0,28.0
7423,2024-07,12.0,16,13.0,17.0,20.0
7423,2024-08,13.0,16,15.0,18.0,26.0
7423,2024-09,2.0,16,18.0,19.0,21.0
7423,2024-10,22.0,16,9.0,17.0,12.0
7423,2024-11,30.0,16,12.0,18.0,16.0
7423,2024-12,18.0,16,21.0,17.0,18.0
6309,2022-01,12.0,59,0.0,96.0,0.0
6309,2022-02,53.0,59,51.0,105.0,0.0
6309,2022-03,56.0,59,56.0,108.0,43.0
6309,2022-04,66.0,59,17.0,104.0,92.0
6309,2022-05,59.0,59,29.0,120.0,90.0
6309,2022-06,2.0,59,0.0,136.0,0.0
6309,2022-07,4.0,59,,118.0,0.0
6309,2022-08,28.0,59,106.0,128.0,0.0
6309,2022-09,48.0,59,63.0,146.0,0.0
6309,2022-10,73.0,59,48.0,129.0,67.0
6309,2022-11,67.0,59,101.0,132.0,25.0
6309,2022-12,63.0,59,,136.0,0.0
6309,2023-01,58.0,18,17.0,28.0,0.0
6309,2023-02,50.0,18,,35.0,137.0
6309,2023-03,35.0,18,,45.0,57.0
6309,2023-04,58.0,18,,40.0,0.0
6309,2023-05,42.0,18,59.0,53.0,25.0
6309,2023-06,29.0,18,10.0,68.0,95.0
6309,2023-07,45.0,18,0.0,63.0,42.0
6309,2023-08,43.0,18,0.0,73.0,10.0
6309,2023-09,32.0,18,49.0,82.0,160.0
6309,2023-10,45.0,18,69.0,71.0,63.0
6309,2023-11,61.0,18,62.0,77.0,123.0
6309,2023-12,37.0,18,74.0,83.0,73.0
6309,2024-01,51.0,6,59.0,23.0,52.0
6309,2024-02,17.0,6,30.0,27.0,16.0
6309,2024-03,36.0,6,54.0,33.0,41.0
6309,2024-04,47.0,6,45.0,33.0,15.0
6309,2024-05,42.0,6,37.0,41.0,0.0
6309,2024-06,30.0,6,36.0,50.0,51.0
6309,2024-07,25.0,6,70.0,52.0,131.0
6309,2024-08,56.0,6,67.0,59.0,169.0
6309,2024-09,47.0,6,42.0,65.0,57.0
6309,2024-10,100.0,6,72.0,61.0,70.0
6309,2024-11,99.0,6,63.0,65.0,79.0
6309,2024-12,58.0,6,81.0,67.0,101.0
6476,2022-01,0.0,3,6.0,3.0,6.0
6476,2022-02,7.0,3,4.0,2.0,6.0
6476,2022-03,1.0,3,5.0,0.0,0.0
6476,2022-04,3.0,3,3.0,1.0,4.0
6476,2022-05,2.0,3,3.0,0.0,2.0
6476,2022-06,1.0,3,3.0,0.0,3.0
6476,2022-07,2.0,3,3.0,2.0,0.0
6197,2022-01,39.0,22,47.0,21.0,44.0
6197,2022-02,37.0,22,11.0,27.0,15.0
6197,2022-03,40.0,22,,21.0,49.0
6197,2022-04,31.0,22,45.0,25.0,78.0
6197,2022-05,29.0,22,46.0,25.0,56.0
6197,2022-06,25.0,22,36.0,27.0,39.0
6197,2022-07,29.0,22,,27.0,71.0
6197,2022-08,44.0,22,44.0,26.0,48.0
6197,2022-09,27.0,22,32.0,27.0,75.0
6197,2022-10,36.0,22,,39.0,122.0
6197,2022-11,36.0,22,27.0,38.0,18.0
6197,2022-12,19.0,22,39.0,39.0,36.0
6197,2023-01,29.0,17,33.0,23.0,38.0
6197,2023-02,21.0,17,,26.0,84.0
6197,2023-03,37.0,17,40.0,27.0,116.0
6197,2023-04,47.0,17,,33.0,49.0
6197,2023-05,30.0,17,,32.0,63.0
6197,2023-06,24.0,17,,31.0,46.0
6197,2023-07,40.0,17,,31.0,96.0
6197,2023-08,26.0,17,44.0,26.0,52.0
6197,2023-09,35.0,17,42.0,28.0,29.0
6197,2023-10,30.0,17,35.0,30.0,0.0
6197,2023-11,20.0,17,35.0,32.0,34.0
6197,2023-12,16.0,17,34.0,38.0,30.0
6197,2024-01,21.0,14,37.0,21.0,37.0
6197,2024-02,9.0,14,28.0,24.0,36.0
6197,2024-03,16.0,14,,21.0,0.0
6197,2024-04,33.0,14,47.0,24.0,51.0
6197,2024-05,39.0,14,36.0,26.0,76.0
6197,2024-06,25.0,14,29.0,24.0,45.0
6197,2024-07,38.0,14,39.0,23.0,67.0
6197,2024-08,51.0,14,36.0,23.0,41.0
6197,2024-09,29.0,14,37.0,20.0,33.0
6197,2024-10,48.0,14,34.0,25.0,33.0
6197,2024-11,45.0,14,29.0,27.0,33.0
6197,2024-12,52.0,14,6.0,29.0,16.0
